ISO-10303-21;
HEADER;
/* Generated by software containing ST-Developer
 * from STEP Tools, Inc. (www.steptools.com) 
 */

FILE_DESCRIPTION(
/* description */ (''),
/* implementation_level */ '2;1');

FILE_NAME(
/* name */ 'iMM-6 Half Inch Calibrator Adaptor.step',
/* time_stamp */ '2025-11-17T15:10:17-05:00',
/* author */ (''),
/* organization */ (''),
/* preprocessor_version */ 'ST-DEVELOPER v20.1',
/* originating_system */ 'Autodesk Translation Framework v14.21.0.0',
/* authorisation */ '');

FILE_SCHEMA (('AUTOMOTIVE_DESIGN { 1 0 10303 214 3 1 1 }'));
ENDSEC;

DATA;
#10=MECHANICAL_DESIGN_GEOMETRIC_PRESENTATION_REPRESENTATION('',(#13),#2259);
#11=SHAPE_REPRESENTATION_RELATIONSHIP('SRR','None',#2269,#12);
#12=ADVANCED_BREP_SHAPE_REPRESENTATION('',(#14),#2258);
#13=STYLED_ITEM('',(#2278),#14);
#14=MANIFOLD_SOLID_BREP('Body12',#963);
#15=FACE_BOUND('',#280,.T.);
#16=FACE_BOUND('',#284,.T.);
#17=FACE_BOUND('',#300,.T.);
#18=FACE_BOUND('',#301,.T.);
#19=FACE_BOUND('',#306,.T.);
#20=(
BOUNDED_CURVE()
B_SPLINE_CURVE(5,(#1814,#1815,#1816,#1817,#1818,#1819,#1820,#1821,#1822,
#1823,#1824,#1825,#1826,#1827,#1828),.UNSPECIFIED.,.F.,.F.)
B_SPLINE_CURVE_WITH_KNOTS((6,1,1,1,1,1,1,1,1,1,6),(0.,0.1,0.2,0.3,0.4,0.5,
0.6,0.7,0.8,0.9,1.),.UNSPECIFIED.)
CURVE()
GEOMETRIC_REPRESENTATION_ITEM()
RATIONAL_B_SPLINE_CURVE((1.,1.,1.,1.,1.,1.,1.,1.,1.,1.,1.,1.,1.,1.,1.))
REPRESENTATION_ITEM('')
);
#21=(
BOUNDED_CURVE()
B_SPLINE_CURVE(5,(#1830,#1831,#1832,#1833,#1834,#1835,#1836,#1837,#1838,
#1839,#1840,#1841,#1842,#1843,#1844),.UNSPECIFIED.,.F.,.F.)
B_SPLINE_CURVE_WITH_KNOTS((6,1,1,1,1,1,1,1,1,1,6),(-1.,-0.9,-0.8,-0.7,-0.6,
-0.5,-0.4,-0.3,-0.2,-0.1,0.),.UNSPECIFIED.)
CURVE()
GEOMETRIC_REPRESENTATION_ITEM()
RATIONAL_B_SPLINE_CURVE((1.,1.,1.,1.,1.,1.,1.,1.,1.,1.,1.,1.,1.,1.,1.))
REPRESENTATION_ITEM('')
);
#22=(
BOUNDED_SURFACE()
B_SPLINE_SURFACE(5,2,((#1738,#1739,#1740,#1741,#1742),(#1743,#1744,#1745,
#1746,#1747),(#1748,#1749,#1750,#1751,#1752),(#1753,#1754,#1755,#1756,#1757),
(#1758,#1759,#1760,#1761,#1762),(#1763,#1764,#1765,#1766,#1767),(#1768,
#1769,#1770,#1771,#1772),(#1773,#1774,#1775,#1776,#1777),(#1778,#1779,#1780,
#1781,#1782),(#1783,#1784,#1785,#1786,#1787),(#1788,#1789,#1790,#1791,#1792),
(#1793,#1794,#1795,#1796,#1797),(#1798,#1799,#1800,#1801,#1802),(#1803,
#1804,#1805,#1806,#1807),(#1808,#1809,#1810,#1811,#1812)),.UNSPECIFIED.,
 .F.,.F.,.F.)
B_SPLINE_SURFACE_WITH_KNOTS((6,1,1,1,1,1,1,1,1,1,6),(3,2,3),(0.,0.1,0.2,
0.3,0.4,0.5,0.6,0.7,0.8,0.9,1.),(0.,1.5707963267949,3.14159265358979),
 .UNSPECIFIED.)
GEOMETRIC_REPRESENTATION_ITEM()
RATIONAL_B_SPLINE_SURFACE(((1.,0.707106781186548,1.,0.707106781186548,1.),
(1.,0.707106781186548,1.,0.707106781186548,1.),(1.,0.707106781186548,1.,
0.707106781186548,1.),(1.,0.707106781186548,1.,0.707106781186548,1.),(1.,
0.707106781186548,1.,0.707106781186548,1.),(1.,0.707106781186548,1.,0.707106781186548,
1.),(1.,0.707106781186548,1.,0.707106781186548,1.),(1.,0.707106781186548,
1.,0.707106781186548,1.),(1.,0.707106781186548,1.,0.707106781186548,1.),
(1.,0.707106781186548,1.,0.707106781186548,1.),(1.,0.707106781186548,1.,
0.707106781186548,1.),(1.,0.707106781186548,1.,0.707106781186548,1.),(1.,
0.707106781186548,1.,0.707106781186548,1.),(1.,0.707106781186548,1.,0.707106781186548,
1.),(1.,0.707106781186548,1.,0.707106781186548,1.)))
REPRESENTATION_ITEM('')
SURFACE()
);
#23=(
BOUNDED_SURFACE()
B_SPLINE_SURFACE(5,2,((#1848,#1849,#1850,#1851,#1852),(#1853,#1854,#1855,
#1856,#1857),(#1858,#1859,#1860,#1861,#1862),(#1863,#1864,#1865,#1866,#1867),
(#1868,#1869,#1870,#1871,#1872),(#1873,#1874,#1875,#1876,#1877),(#1878,
#1879,#1880,#1881,#1882),(#1883,#1884,#1885,#1886,#1887),(#1888,#1889,#1890,
#1891,#1892),(#1893,#1894,#1895,#1896,#1897),(#1898,#1899,#1900,#1901,#1902),
(#1903,#1904,#1905,#1906,#1907),(#1908,#1909,#1910,#1911,#1912),(#1913,
#1914,#1915,#1916,#1917),(#1918,#1919,#1920,#1921,#1922)),.UNSPECIFIED.,
 .F.,.F.,.F.)
B_SPLINE_SURFACE_WITH_KNOTS((6,1,1,1,1,1,1,1,1,1,6),(3,2,3),(-1.,-0.9,-0.8,
-0.7,-0.6,-0.5,-0.4,-0.3,-0.2,-0.1,0.),(0.,1.5707963267949,3.14159265358979),
 .UNSPECIFIED.)
GEOMETRIC_REPRESENTATION_ITEM()
RATIONAL_B_SPLINE_SURFACE(((1.,0.707106781186548,1.,0.707106781186548,1.),
(1.,0.707106781186548,1.,0.707106781186548,1.),(1.,0.707106781186548,1.,
0.707106781186548,1.),(1.,0.707106781186548,1.,0.707106781186548,1.),(1.,
0.707106781186548,1.,0.707106781186548,1.),(1.,0.707106781186548,1.,0.707106781186548,
1.),(1.,0.707106781186548,1.,0.707106781186548,1.),(1.,0.707106781186548,
1.,0.707106781186548,1.),(1.,0.707106781186548,1.,0.707106781186548,1.),
(1.,0.707106781186548,1.,0.707106781186548,1.),(1.,0.707106781186548,1.,
0.707106781186548,1.),(1.,0.707106781186548,1.,0.707106781186548,1.),(1.,
0.707106781186548,1.,0.707106781186548,1.),(1.,0.707106781186548,1.,0.707106781186548,
1.),(1.,0.707106781186548,1.,0.707106781186548,1.)))
REPRESENTATION_ITEM('')
SURFACE()
);
#24=(
BOUNDED_SURFACE()
B_SPLINE_SURFACE(2,2,((#2074,#2075,#2076),(#2077,#2078,#2079),(#2080,#2081,
#2082)),.UNSPECIFIED.,.F.,.F.,.F.)
B_SPLINE_SURFACE_WITH_KNOTS((3,3),(3,3),(-3.14159265358979,-1.5707963267949),
(3.11581505263714,3.14159265358979),.UNSPECIFIED.)
GEOMETRIC_REPRESENTATION_ITEM()
RATIONAL_B_SPLINE_SURFACE(((1.,0.999916940560978,1.),(0.707106781186533,
0.707048049293959,0.707106781186533),(1.,0.999916940560978,1.)))
REPRESENTATION_ITEM('')
SURFACE()
);
#25=(
BOUNDED_SURFACE()
B_SPLINE_SURFACE(5,1,((#2170,#2171),(#2172,#2173),(#2174,#2175),(#2176,
#2177),(#2178,#2179),(#2180,#2181),(#2182,#2183),(#2184,#2185),(#2186,#2187),
(#2188,#2189),(#2190,#2191)),.UNSPECIFIED.,.F.,.F.,.F.)
B_SPLINE_SURFACE_WITH_KNOTS((6,1,1,1,1,1,6),(2,2),(-0.5,-0.45,-0.4,-0.35,
-0.3,-0.25,-0.249744293566017),(-0.0254,0.0254),.UNSPECIFIED.)
GEOMETRIC_REPRESENTATION_ITEM()
RATIONAL_B_SPLINE_SURFACE(((1.,1.),(1.,1.),(1.,1.),(1.,1.),(1.,1.),(1.,
1.),(1.,1.),(1.,1.),(1.,1.),(1.,1.),(1.,1.)))
REPRESENTATION_ITEM('')
SURFACE()
);
#26=PLANE('',#989);
#27=PLANE('',#990);
#28=PLANE('',#991);
#29=PLANE('',#992);
#30=PLANE('',#993);
#31=PLANE('',#999);
#32=PLANE('',#1028);
#33=PLANE('',#1042);
#34=PLANE('',#1043);
#35=PLANE('',#1055);
#36=B_SPLINE_CURVE_WITH_KNOTS('',3,(#1311,#1312,#1313,#1314,#1315),
 .UNSPECIFIED.,.F.,.F.,(4,1,4),(0.,0.0189251486896723,0.0364616161500078),
 .UNSPECIFIED.);
#37=B_SPLINE_CURVE_WITH_KNOTS('',3,(#1319,#1320,#1321,#1322,#1323),
 .UNSPECIFIED.,.F.,.F.,(4,1,4),(0.,0.0189251486896723,0.0364616161500078),
 .UNSPECIFIED.);
#38=B_SPLINE_CURVE_WITH_KNOTS('',3,(#1336,#1337,#1338,#1339,#1340),
 .UNSPECIFIED.,.F.,.F.,(4,1,4),(0.,0.0516194530697915,0.0819125092232755),
 .UNSPECIFIED.);
#39=B_SPLINE_CURVE_WITH_KNOTS('',3,(#1343,#1344,#1345,#1346,#1347),
 .UNSPECIFIED.,.F.,.F.,(4,1,4),(0.,0.0516194530697915,0.0819125092232755),
 .UNSPECIFIED.);
#40=B_SPLINE_CURVE_WITH_KNOTS('',3,(#1359,#1360,#1361,#1362,#1363),
 .UNSPECIFIED.,.F.,.F.,(4,1,4),(0.,0.0463669096372236,0.111661789534858),
 .UNSPECIFIED.);
#41=B_SPLINE_CURVE_WITH_KNOTS('',3,(#1366,#1367,#1368,#1369,#1370),
 .UNSPECIFIED.,.F.,.F.,(4,1,4),(0.,0.0463669096372236,0.111661789534858),
 .UNSPECIFIED.);
#42=B_SPLINE_CURVE_WITH_KNOTS('',3,(#1382,#1383,#1384,#1385,#1386),
 .UNSPECIFIED.,.F.,.F.,(4,1,4),(0.,0.0293134501422856,0.0635972836061878),
 .UNSPECIFIED.);
#43=B_SPLINE_CURVE_WITH_KNOTS('',3,(#1389,#1390,#1391,#1392,#1393),
 .UNSPECIFIED.,.F.,.F.,(4,1,4),(0.,0.0293134501422856,0.0635972836061878),
 .UNSPECIFIED.);
#44=B_SPLINE_CURVE_WITH_KNOTS('',3,(#1405,#1406,#1407,#1408,#1409),
 .UNSPECIFIED.,.F.,.F.,(4,1,4),(0.,0.0258352306275034,0.0523147213885631),
 .UNSPECIFIED.);
#45=B_SPLINE_CURVE_WITH_KNOTS('',3,(#1412,#1413,#1414,#1415,#1416),
 .UNSPECIFIED.,.F.,.F.,(4,1,4),(0.,0.0258352306275034,0.0523147213885631),
 .UNSPECIFIED.);
#46=B_SPLINE_CURVE_WITH_KNOTS('',3,(#1428,#1429,#1430,#1431,#1432),
 .UNSPECIFIED.,.F.,.F.,(4,1,4),(0.,0.047192245090902,0.0948923566558246),
 .UNSPECIFIED.);
#47=B_SPLINE_CURVE_WITH_KNOTS('',3,(#1435,#1436,#1437,#1438,#1439),
 .UNSPECIFIED.,.F.,.F.,(4,1,4),(0.,0.047192245090902,0.0948923566558246),
 .UNSPECIFIED.);
#48=B_SPLINE_CURVE_WITH_KNOTS('',3,(#1451,#1452,#1453,#1454,#1455),
 .UNSPECIFIED.,.F.,.F.,(4,1,4),(0.,0.0563313439488411,0.106251877870098),
 .UNSPECIFIED.);
#49=B_SPLINE_CURVE_WITH_KNOTS('',3,(#1458,#1459,#1460,#1461,#1462),
 .UNSPECIFIED.,.F.,.F.,(4,1,4),(0.,0.0563313439488411,0.106251877870098),
 .UNSPECIFIED.);
#50=B_SPLINE_CURVE_WITH_KNOTS('',3,(#1474,#1475,#1476,#1477,#1478),
 .UNSPECIFIED.,.F.,.F.,(4,1,4),(0.,0.0490389414105305,0.104913541677806),
 .UNSPECIFIED.);
#51=B_SPLINE_CURVE_WITH_KNOTS('',3,(#1481,#1482,#1483,#1484,#1485),
 .UNSPECIFIED.,.F.,.F.,(4,1,4),(0.,0.0490389414105305,0.104913541677806),
 .UNSPECIFIED.);
#52=B_SPLINE_CURVE_WITH_KNOTS('',3,(#1497,#1498,#1499,#1500,#1501),
 .UNSPECIFIED.,.F.,.F.,(4,1,4),(0.,0.0553460409151067,0.103992316544387),
 .UNSPECIFIED.);
#53=B_SPLINE_CURVE_WITH_KNOTS('',3,(#1504,#1505,#1506,#1507,#1508),
 .UNSPECIFIED.,.F.,.F.,(4,1,4),(0.,0.0553460409151067,0.103992316544387),
 .UNSPECIFIED.);
#54=B_SPLINE_CURVE_WITH_KNOTS('',3,(#1526,#1527,#1528,#1529,#1530),
 .UNSPECIFIED.,.F.,.F.,(4,1,4),(0.,0.0324004712598499,0.0691169604838747),
 .UNSPECIFIED.);
#55=B_SPLINE_CURVE_WITH_KNOTS('',3,(#1533,#1534,#1535,#1536,#1537),
 .UNSPECIFIED.,.F.,.F.,(4,1,4),(0.,0.0324004712598499,0.0691169604838747),
 .UNSPECIFIED.);
#56=B_SPLINE_CURVE_WITH_KNOTS('',3,(#1549,#1550,#1551,#1552,#1553),
 .UNSPECIFIED.,.F.,.F.,(4,1,4),(0.,0.0349368827561364,0.0668010163923798),
 .UNSPECIFIED.);
#57=B_SPLINE_CURVE_WITH_KNOTS('',3,(#1556,#1557,#1558,#1559,#1560),
 .UNSPECIFIED.,.F.,.F.,(4,1,4),(0.,0.0349368827561364,0.0668010163923798),
 .UNSPECIFIED.);
#58=B_SPLINE_CURVE_WITH_KNOTS('',3,(#1572,#1573,#1574,#1575,#1576),
 .UNSPECIFIED.,.F.,.F.,(4,1,4),(0.,0.0306165856894023,0.0638647779045867),
 .UNSPECIFIED.);
#59=B_SPLINE_CURVE_WITH_KNOTS('',3,(#1579,#1580,#1581,#1582,#1583),
 .UNSPECIFIED.,.F.,.F.,(4,1,4),(0.,0.0306165856894023,0.0638647779045867),
 .UNSPECIFIED.);
#60=B_SPLINE_CURVE_WITH_KNOTS('',3,(#1595,#1596,#1597,#1598,#1599),
 .UNSPECIFIED.,.F.,.F.,(4,1,4),(0.,0.0295904444811376,0.0590379824542058),
 .UNSPECIFIED.);
#61=B_SPLINE_CURVE_WITH_KNOTS('',3,(#1602,#1603,#1604,#1605,#1606),
 .UNSPECIFIED.,.F.,.F.,(4,1,4),(0.,0.0295904444811376,0.0590379824542058),
 .UNSPECIFIED.);
#62=B_SPLINE_CURVE_WITH_KNOTS('',3,(#1618,#1619,#1620,#1621,#1622),
 .UNSPECIFIED.,.F.,.F.,(4,1,4),(0.,0.0376892953458867,0.0692648937125703),
 .UNSPECIFIED.);
#63=B_SPLINE_CURVE_WITH_KNOTS('',3,(#1625,#1626,#1627,#1628,#1629),
 .UNSPECIFIED.,.F.,.F.,(4,1,4),(0.,0.0376892953458867,0.0692648937125703),
 .UNSPECIFIED.);
#64=B_SPLINE_CURVE_WITH_KNOTS('',3,(#1641,#1642,#1643,#1644,#1645),
 .UNSPECIFIED.,.F.,.F.,(4,1,4),(0.,0.0784525687125834,0.132168388429365),
 .UNSPECIFIED.);
#65=B_SPLINE_CURVE_WITH_KNOTS('',3,(#1648,#1649,#1650,#1651,#1652),
 .UNSPECIFIED.,.F.,.F.,(4,1,4),(0.,0.0784525687125834,0.132168388429365),
 .UNSPECIFIED.);
#66=B_SPLINE_CURVE_WITH_KNOTS('',3,(#1664,#1665,#1666,#1667,#1668),
 .UNSPECIFIED.,.F.,.F.,(4,1,4),(0.,0.0423132101147674,0.0954161919153026),
 .UNSPECIFIED.);
#67=B_SPLINE_CURVE_WITH_KNOTS('',3,(#1671,#1672,#1673,#1674,#1675),
 .UNSPECIFIED.,.F.,.F.,(4,1,4),(0.,0.0423132101147674,0.0954161919153026),
 .UNSPECIFIED.);
#68=B_SPLINE_CURVE_WITH_KNOTS('',3,(#1687,#1688,#1689,#1690,#1691),
 .UNSPECIFIED.,.F.,.F.,(4,1,4),(0.,0.0322239800406679,0.0674624592658177),
 .UNSPECIFIED.);
#69=B_SPLINE_CURVE_WITH_KNOTS('',3,(#1694,#1695,#1696,#1697,#1698),
 .UNSPECIFIED.,.F.,.F.,(4,1,4),(0.,0.0322239800406679,0.0674624592658177),
 .UNSPECIFIED.);
#70=B_SPLINE_CURVE_WITH_KNOTS('',3,(#1710,#1711,#1712,#1713,#1714),
 .UNSPECIFIED.,.F.,.F.,(4,1,4),(0.,0.0188187531703426,0.0375219607538528),
 .UNSPECIFIED.);
#71=B_SPLINE_CURVE_WITH_KNOTS('',3,(#1717,#1718,#1719,#1720,#1721),
 .UNSPECIFIED.,.F.,.F.,(4,1,4),(0.,0.0188187531703426,0.0375219607538528),
 .UNSPECIFIED.);
#72=B_SPLINE_CURVE_WITH_KNOTS('',3,(#1955,#1956,#1957,#1958),
 .UNSPECIFIED.,.F.,.F.,(4,4),(0.0340346237665989,0.034193176221447),
 .UNSPECIFIED.);
#73=B_SPLINE_CURVE_WITH_KNOTS('',3,(#1959,#1960,#1961,#1962),
 .UNSPECIFIED.,.F.,.F.,(4,4),(0.0340346237665989,0.034193176221447),
 .UNSPECIFIED.);
#74=B_SPLINE_CURVE_WITH_KNOTS('',3,(#1986,#1987,#1988,#1989,#1990,#1991,
#1992,#1993,#1994,#1995),.UNSPECIFIED.,.F.,.F.,(4,2,2,2,4),(0.,0.00495989980155469,
0.00991949592749562,0.0148800280404916,0.0198533745515238),
 .UNSPECIFIED.);
#75=B_SPLINE_CURVE_WITH_KNOTS('',3,(#1997,#1998,#1999,#2000,#2001,#2002),
 .UNSPECIFIED.,.F.,.F.,(4,2,4),(0.0198533745515238,0.0199201624717657,0.0200127582318235),
 .UNSPECIFIED.);
#76=B_SPLINE_CURVE_WITH_KNOTS('',3,(#2006,#2007,#2008,#2009,#2010,#2011,
#2012,#2013,#2014,#2015),.UNSPECIFIED.,.F.,.F.,(4,2,2,2,4),(-8.3074881168511E-6,
0.,0.000451655257427693,0.000908775947603147,0.0017999506855371),
 .UNSPECIFIED.);
#77=B_SPLINE_CURVE_WITH_KNOTS('',3,(#2016,#2017,#2018,#2019,#2020,#2021,
#2022),.UNSPECIFIED.,.F.,.F.,(4,3,4),(0.00109468505105185,0.0165595413273997,
0.0340346237665989),.UNSPECIFIED.);
#78=B_SPLINE_CURVE_WITH_KNOTS('',3,(#2050,#2051,#2052,#2053,#2054,#2055,
#2056,#2057,#2058,#2059,#2060,#2061),.UNSPECIFIED.,.F.,.F.,(4,2,2,2,2,4),
(0.,0.00496118481201395,0.00992236962402802,0.014883554436042,0.0175596024086127,
0.0202356503811834),.UNSPECIFIED.);
#79=B_SPLINE_CURVE_WITH_KNOTS('',3,(#2062,#2063,#2064,#2065,#2066),
 .UNSPECIFIED.,.F.,.F.,(4,1,4),(-0.0195045279119285,-0.00975226395596424,
0.),.UNSPECIFIED.);
#80=B_SPLINE_CURVE_WITH_KNOTS('',3,(#2069,#2070,#2071,#2072,#2073),
 .UNSPECIFIED.,.F.,.F.,(4,1,4),(0.,0.00975226395596424,0.0195045279119285),
 .UNSPECIFIED.);
#81=B_SPLINE_CURVE_WITH_KNOTS('',3,(#2146,#2147,#2148,#2149,#2150,#2151,
#2152,#2153,#2154,#2155,#2156,#2157),.UNSPECIFIED.,.F.,.F.,(4,1,1,1,1,1,
1,1,1,4),(-0.22453840403109,-0.0962307445847527,-0.0882115158693567,-0.0801922871539606,
-0.0641538297231685,-0.0320769148615842,-0.0160384574307921,-0.00801922871539606,
-0.00400961435769803,-0.000922768421633919),.UNSPECIFIED.);
#82=B_SPLINE_CURVE_WITH_KNOTS('',3,(#2192,#2193,#2194,#2195,#2196,#2197,
#2198,#2199,#2200,#2201,#2202,#2203,#2204,#2205,#2206,#2207,#2208,#2209,
#2210,#2211,#2212,#2213,#2214,#2215,#2216),.UNSPECIFIED.,.F.,.F.,(4,3,3,
3,3,3,3,3,4),(-0.343250749662065,-0.300344405954307,-0.264697273406718,
-0.2278671786929,-0.182686070308724,-0.133096378711006,-0.075912506036238,
-0.0243453705956845,0.),.UNSPECIFIED.);
#83=B_SPLINE_SURFACE_WITH_KNOTS('',3,1,((#1299,#1300),(#1301,#1302),(#1303,
#1304),(#1305,#1306),(#1307,#1308)),.UNSPECIFIED.,.F.,.F.,.F.,(4,1,4),(2,
2),(0.,0.0189251486896723,0.0364616161500078),(0.,0.0254),.UNSPECIFIED.);
#84=B_SPLINE_SURFACE_WITH_KNOTS('',3,1,((#1325,#1326),(#1327,#1328),(#1329,
#1330),(#1331,#1332),(#1333,#1334)),.UNSPECIFIED.,.F.,.F.,.F.,(4,1,4),(2,
2),(0.,0.0516194530697915,0.0819125092232755),(0.,0.0254),.UNSPECIFIED.);
#85=B_SPLINE_SURFACE_WITH_KNOTS('',3,1,((#1348,#1349),(#1350,#1351),(#1352,
#1353),(#1354,#1355),(#1356,#1357)),.UNSPECIFIED.,.F.,.F.,.F.,(4,1,4),(2,
2),(0.,0.0463669096372236,0.111661789534858),(0.,0.0254),.UNSPECIFIED.);
#86=B_SPLINE_SURFACE_WITH_KNOTS('',3,1,((#1371,#1372),(#1373,#1374),(#1375,
#1376),(#1377,#1378),(#1379,#1380)),.UNSPECIFIED.,.F.,.F.,.F.,(4,1,4),(2,
2),(0.,0.0293134501422856,0.0635972836061878),(0.,0.0254),.UNSPECIFIED.);
#87=B_SPLINE_SURFACE_WITH_KNOTS('',3,1,((#1394,#1395),(#1396,#1397),(#1398,
#1399),(#1400,#1401),(#1402,#1403)),.UNSPECIFIED.,.F.,.F.,.F.,(4,1,4),(2,
2),(0.,0.0258352306275034,0.0523147213885631),(0.,0.0254),.UNSPECIFIED.);
#88=B_SPLINE_SURFACE_WITH_KNOTS('',3,1,((#1417,#1418),(#1419,#1420),(#1421,
#1422),(#1423,#1424),(#1425,#1426)),.UNSPECIFIED.,.F.,.F.,.F.,(4,1,4),(2,
2),(0.,0.047192245090902,0.0948923566558246),(0.,0.0254),.UNSPECIFIED.);
#89=B_SPLINE_SURFACE_WITH_KNOTS('',3,1,((#1440,#1441),(#1442,#1443),(#1444,
#1445),(#1446,#1447),(#1448,#1449)),.UNSPECIFIED.,.F.,.F.,.F.,(4,1,4),(2,
2),(0.,0.0563313439488411,0.106251877870098),(0.,0.0254),.UNSPECIFIED.);
#90=B_SPLINE_SURFACE_WITH_KNOTS('',3,1,((#1463,#1464),(#1465,#1466),(#1467,
#1468),(#1469,#1470),(#1471,#1472)),.UNSPECIFIED.,.F.,.F.,.F.,(4,1,4),(2,
2),(0.,0.0490389414105305,0.104913541677806),(0.,0.0254),.UNSPECIFIED.);
#91=B_SPLINE_SURFACE_WITH_KNOTS('',3,1,((#1486,#1487),(#1488,#1489),(#1490,
#1491),(#1492,#1493),(#1494,#1495)),.UNSPECIFIED.,.F.,.F.,.F.,(4,1,4),(2,
2),(0.,0.0553460409151067,0.103992316544387),(0.,0.0254),.UNSPECIFIED.);
#92=B_SPLINE_SURFACE_WITH_KNOTS('',3,1,((#1515,#1516),(#1517,#1518),(#1519,
#1520),(#1521,#1522),(#1523,#1524)),.UNSPECIFIED.,.F.,.F.,.F.,(4,1,4),(2,
2),(0.,0.0324004712598499,0.0691169604838747),(0.,0.0254),.UNSPECIFIED.);
#93=B_SPLINE_SURFACE_WITH_KNOTS('',3,1,((#1538,#1539),(#1540,#1541),(#1542,
#1543),(#1544,#1545),(#1546,#1547)),.UNSPECIFIED.,.F.,.F.,.F.,(4,1,4),(2,
2),(0.,0.0349368827561364,0.0668010163923798),(0.,0.0254),.UNSPECIFIED.);
#94=B_SPLINE_SURFACE_WITH_KNOTS('',3,1,((#1561,#1562),(#1563,#1564),(#1565,
#1566),(#1567,#1568),(#1569,#1570)),.UNSPECIFIED.,.F.,.F.,.F.,(4,1,4),(2,
2),(0.,0.0306165856894023,0.0638647779045867),(0.,0.0254),.UNSPECIFIED.);
#95=B_SPLINE_SURFACE_WITH_KNOTS('',3,1,((#1584,#1585),(#1586,#1587),(#1588,
#1589),(#1590,#1591),(#1592,#1593)),.UNSPECIFIED.,.F.,.F.,.F.,(4,1,4),(2,
2),(0.,0.0295904444811376,0.0590379824542058),(0.,0.0254),.UNSPECIFIED.);
#96=B_SPLINE_SURFACE_WITH_KNOTS('',3,1,((#1607,#1608),(#1609,#1610),(#1611,
#1612),(#1613,#1614),(#1615,#1616)),.UNSPECIFIED.,.F.,.F.,.F.,(4,1,4),(2,
2),(0.,0.0376892953458867,0.0692648937125703),(0.,0.0254),.UNSPECIFIED.);
#97=B_SPLINE_SURFACE_WITH_KNOTS('',3,1,((#1630,#1631),(#1632,#1633),(#1634,
#1635),(#1636,#1637),(#1638,#1639)),.UNSPECIFIED.,.F.,.F.,.F.,(4,1,4),(2,
2),(0.,0.0784525687125834,0.132168388429365),(0.,0.0254),.UNSPECIFIED.);
#98=B_SPLINE_SURFACE_WITH_KNOTS('',3,1,((#1653,#1654),(#1655,#1656),(#1657,
#1658),(#1659,#1660),(#1661,#1662)),.UNSPECIFIED.,.F.,.F.,.F.,(4,1,4),(2,
2),(0.,0.0423132101147674,0.0954161919153026),(0.,0.0254),.UNSPECIFIED.);
#99=B_SPLINE_SURFACE_WITH_KNOTS('',3,1,((#1676,#1677),(#1678,#1679),(#1680,
#1681),(#1682,#1683),(#1684,#1685)),.UNSPECIFIED.,.F.,.F.,.F.,(4,1,4),(2,
2),(0.,0.0322239800406679,0.0674624592658177),(0.,0.0254),.UNSPECIFIED.);
#100=B_SPLINE_SURFACE_WITH_KNOTS('',3,1,((#1699,#1700),(#1701,#1702),(#1703,
#1704),(#1705,#1706),(#1707,#1708)),.UNSPECIFIED.,.F.,.F.,.F.,(4,1,4),(2,
2),(0.,0.0188187531703426,0.0375219607538528),(0.,0.0254),.UNSPECIFIED.);
#101=B_SPLINE_SURFACE_WITH_KNOTS('',3,3,((#2023,#2024,#2025,#2026,#2027),
(#2028,#2029,#2030,#2031,#2032),(#2033,#2034,#2035,#2036,#2037),(#2038,
#2039,#2040,#2041,#2042),(#2043,#2044,#2045,#2046,#2047)),.UNSPECIFIED.,
 .F.,.F.,.F.,(4,1,4),(4,1,4),(0.,0.571428571428571,1.),(0.,0.00975226395596424,
0.0195045279119285),.UNSPECIFIED.);
#102=B_SPLINE_SURFACE_WITH_KNOTS('',3,3,((#2086,#2087,#2088,#2089,#2090,
#2091,#2092,#2093,#2094,#2095,#2096,#2097),(#2098,#2099,#2100,#2101,#2102,
#2103,#2104,#2105,#2106,#2107,#2108,#2109),(#2110,#2111,#2112,#2113,#2114,
#2115,#2116,#2117,#2118,#2119,#2120,#2121),(#2122,#2123,#2124,#2125,#2126,
#2127,#2128,#2129,#2130,#2131,#2132,#2133),(#2134,#2135,#2136,#2137,#2138,
#2139,#2140,#2141,#2142,#2143,#2144,#2145)),.UNSPECIFIED.,.F.,.F.,.F.,(4,
1,4),(4,1,1,1,1,1,1,1,1,4),(0.,0.5,1.),(0.,0.00400961435769803,0.00801922871539606,
0.0160384574307921,0.0320769148615842,0.0641538297231685,0.0801922871539606,
0.0882115158693567,0.0962307445847527,0.22453840403109),.UNSPECIFIED.);
#103=CYLINDRICAL_SURFACE('',#985,0.26);
#104=CYLINDRICAL_SURFACE('',#997,0.26);
#105=CYLINDRICAL_SURFACE('',#1010,0.1675);
#106=CYLINDRICAL_SURFACE('',#1017,0.2325);
#107=CYLINDRICAL_SURFACE('',#1024,0.165);
#108=CYLINDRICAL_SURFACE('',#1037,0.25);
#109=CYLINDRICAL_SURFACE('',#1049,0.5);
#110=CYLINDRICAL_SURFACE('',#1061,0.185);
#111=LINE('',#1290,#153);
#112=LINE('',#1293,#154);
#113=LINE('',#1317,#155);
#114=LINE('',#1324,#156);
#115=LINE('',#1342,#157);
#116=LINE('',#1365,#158);
#117=LINE('',#1388,#159);
#118=LINE('',#1411,#160);
#119=LINE('',#1434,#161);
#120=LINE('',#1457,#162);
#121=LINE('',#1480,#163);
#122=LINE('',#1503,#164);
#123=LINE('',#1511,#165);
#124=LINE('',#1513,#166);
#125=LINE('',#1514,#167);
#126=LINE('',#1532,#168);
#127=LINE('',#1555,#169);
#128=LINE('',#1578,#170);
#129=LINE('',#1601,#171);
#130=LINE('',#1624,#172);
#131=LINE('',#1647,#173);
#132=LINE('',#1670,#174);
#133=LINE('',#1693,#175);
#134=LINE('',#1716,#176);
#135=LINE('',#1724,#177);
#136=LINE('',#1726,#178);
#137=LINE('',#1727,#179);
#138=LINE('',#1730,#180);
#139=LINE('',#1732,#181);
#140=LINE('',#1733,#182);
#141=LINE('',#1735,#183);
#142=LINE('',#1736,#184);
#143=LINE('',#1926,#185);
#144=LINE('',#1949,#186);
#145=LINE('',#1953,#187);
#146=LINE('',#1971,#188);
#147=LINE('',#1982,#189);
#148=LINE('',#2004,#190);
#149=LINE('',#2085,#191);
#150=LINE('',#2221,#192);
#151=LINE('',#2240,#193);
#152=LINE('',#2255,#194);
#153=VECTOR('',#1080,0.255009679821902);
#154=VECTOR('',#1083,0.26);
#155=VECTOR('',#1090,0.393700787401575);
#156=VECTOR('',#1091,0.393700787401575);
#157=VECTOR('',#1092,0.393700787401575);
#158=VECTOR('',#1093,0.393700787401575);
#159=VECTOR('',#1094,0.393700787401575);
#160=VECTOR('',#1095,0.393700787401575);
#161=VECTOR('',#1096,0.393700787401575);
#162=VECTOR('',#1097,0.393700787401575);
#163=VECTOR('',#1098,0.393700787401575);
#164=VECTOR('',#1099,0.393700787401575);
#165=VECTOR('',#1102,0.393700787401575);
#166=VECTOR('',#1103,0.393700787401575);
#167=VECTOR('',#1104,0.393700787401575);
#168=VECTOR('',#1105,0.393700787401575);
#169=VECTOR('',#1106,0.393700787401575);
#170=VECTOR('',#1107,0.393700787401575);
#171=VECTOR('',#1108,0.393700787401575);
#172=VECTOR('',#1109,0.393700787401575);
#173=VECTOR('',#1110,0.393700787401575);
#174=VECTOR('',#1111,0.393700787401575);
#175=VECTOR('',#1112,0.393700787401575);
#176=VECTOR('',#1113,0.393700787401575);
#177=VECTOR('',#1116,0.393700787401575);
#178=VECTOR('',#1117,0.393700787401575);
#179=VECTOR('',#1118,0.393700787401575);
#180=VECTOR('',#1121,0.393700787401575);
#181=VECTOR('',#1122,0.393700787401575);
#182=VECTOR('',#1123,0.393700787401575);
#183=VECTOR('',#1126,0.393700787401575);
#184=VECTOR('',#1127,0.393700787401575);
#185=VECTOR('',#1138,0.26);
#186=VECTOR('',#1167,0.1675);
#187=VECTOR('',#1170,0.393700787401575);
#188=VECTOR('',#1181,0.2325);
#189=VECTOR('',#1196,0.393700787401575);
#190=VECTOR('',#1199,0.393700787401575);
#191=VECTOR('',#1206,0.393700787401575);
#192=VECTOR('',#1227,0.25);
#193=VECTOR('',#1254,0.5);
#194=VECTOR('',#1275,0.185);
#195=CONICAL_SURFACE('',#983,0.255009679821902,0.051138147083434);
#196=FACE_OUTER_BOUND('',#250,.T.);
#197=FACE_OUTER_BOUND('',#251,.T.);
#198=FACE_OUTER_BOUND('',#252,.T.);
#199=FACE_OUTER_BOUND('',#253,.T.);
#200=FACE_OUTER_BOUND('',#254,.T.);
#201=FACE_OUTER_BOUND('',#255,.T.);
#202=FACE_OUTER_BOUND('',#256,.T.);
#203=FACE_OUTER_BOUND('',#257,.T.);
#204=FACE_OUTER_BOUND('',#258,.T.);
#205=FACE_OUTER_BOUND('',#259,.T.);
#206=FACE_OUTER_BOUND('',#260,.T.);
#207=FACE_OUTER_BOUND('',#261,.T.);
#208=FACE_OUTER_BOUND('',#262,.T.);
#209=FACE_OUTER_BOUND('',#263,.T.);
#210=FACE_OUTER_BOUND('',#264,.T.);
#211=FACE_OUTER_BOUND('',#265,.T.);
#212=FACE_OUTER_BOUND('',#266,.T.);
#213=FACE_OUTER_BOUND('',#267,.T.);
#214=FACE_OUTER_BOUND('',#268,.T.);
#215=FACE_OUTER_BOUND('',#269,.T.);
#216=FACE_OUTER_BOUND('',#270,.T.);
#217=FACE_OUTER_BOUND('',#271,.T.);
#218=FACE_OUTER_BOUND('',#272,.T.);
#219=FACE_OUTER_BOUND('',#273,.T.);
#220=FACE_OUTER_BOUND('',#274,.T.);
#221=FACE_OUTER_BOUND('',#275,.T.);
#222=FACE_OUTER_BOUND('',#276,.T.);
#223=FACE_OUTER_BOUND('',#277,.T.);
#224=FACE_OUTER_BOUND('',#278,.T.);
#225=FACE_OUTER_BOUND('',#279,.T.);
#226=FACE_OUTER_BOUND('',#281,.T.);
#227=FACE_OUTER_BOUND('',#282,.T.);
#228=FACE_OUTER_BOUND('',#283,.T.);
#229=FACE_OUTER_BOUND('',#285,.T.);
#230=FACE_OUTER_BOUND('',#286,.T.);
#231=FACE_OUTER_BOUND('',#287,.T.);
#232=FACE_OUTER_BOUND('',#288,.T.);
#233=FACE_OUTER_BOUND('',#289,.T.);
#234=FACE_OUTER_BOUND('',#290,.T.);
#235=FACE_OUTER_BOUND('',#291,.T.);
#236=FACE_OUTER_BOUND('',#292,.T.);
#237=FACE_OUTER_BOUND('',#293,.T.);
#238=FACE_OUTER_BOUND('',#294,.T.);
#239=FACE_OUTER_BOUND('',#295,.T.);
#240=FACE_OUTER_BOUND('',#296,.T.);
#241=FACE_OUTER_BOUND('',#297,.T.);
#242=FACE_OUTER_BOUND('',#298,.T.);
#243=FACE_OUTER_BOUND('',#299,.T.);
#244=FACE_OUTER_BOUND('',#302,.T.);
#245=FACE_OUTER_BOUND('',#303,.T.);
#246=FACE_OUTER_BOUND('',#304,.T.);
#247=FACE_OUTER_BOUND('',#305,.T.);
#248=FACE_OUTER_BOUND('',#307,.T.);
#249=FACE_OUTER_BOUND('',#308,.T.);
#250=EDGE_LOOP('',(#606,#607,#608,#609,#610,#611));
#251=EDGE_LOOP('',(#612,#613,#614,#615,#616));
#252=EDGE_LOOP('',(#617,#618,#619,#620,#621,#622));
#253=EDGE_LOOP('',(#623,#624,#625,#626));
#254=EDGE_LOOP('',(#627,#628,#629,#630));
#255=EDGE_LOOP('',(#631,#632,#633,#634));
#256=EDGE_LOOP('',(#635,#636,#637,#638));
#257=EDGE_LOOP('',(#639,#640,#641,#642));
#258=EDGE_LOOP('',(#643,#644,#645,#646));
#259=EDGE_LOOP('',(#647,#648,#649,#650));
#260=EDGE_LOOP('',(#651,#652,#653,#654));
#261=EDGE_LOOP('',(#655,#656,#657,#658));
#262=EDGE_LOOP('',(#659,#660,#661,#662));
#263=EDGE_LOOP('',(#663,#664,#665,#666));
#264=EDGE_LOOP('',(#667,#668,#669,#670));
#265=EDGE_LOOP('',(#671,#672,#673,#674));
#266=EDGE_LOOP('',(#675,#676,#677,#678));
#267=EDGE_LOOP('',(#679,#680,#681,#682));
#268=EDGE_LOOP('',(#683,#684,#685,#686));
#269=EDGE_LOOP('',(#687,#688,#689,#690));
#270=EDGE_LOOP('',(#691,#692,#693,#694));
#271=EDGE_LOOP('',(#695,#696,#697,#698));
#272=EDGE_LOOP('',(#699,#700,#701,#702));
#273=EDGE_LOOP('',(#703,#704,#705,#706));
#274=EDGE_LOOP('',(#707,#708,#709,#710));
#275=EDGE_LOOP('',(#711,#712,#713,#714,#715,#716,#717,#718,#719,#720,#721,
#722,#723,#724,#725,#726,#727,#728,#729,#730,#731,#732));
#276=EDGE_LOOP('',(#733,#734,#735,#736,#737,#738));
#277=EDGE_LOOP('',(#739,#740,#741,#742));
#278=EDGE_LOOP('',(#743,#744,#745,#746,#747,#748));
#279=EDGE_LOOP('',(#749));
#280=EDGE_LOOP('',(#750));
#281=EDGE_LOOP('',(#751,#752,#753,#754,#755));
#282=EDGE_LOOP('',(#756,#757,#758,#759,#760,#761));
#283=EDGE_LOOP('',(#762,#763,#764,#765,#766,#767));
#284=EDGE_LOOP('',(#768,#769,#770,#771));
#285=EDGE_LOOP('',(#772,#773,#774,#775,#776));
#286=EDGE_LOOP('',(#777,#778,#779,#780,#781,#782));
#287=EDGE_LOOP('',(#783,#784,#785,#786,#787,#788));
#288=EDGE_LOOP('',(#789,#790,#791,#792,#793,#794,#795,#796));
#289=EDGE_LOOP('',(#797,#798,#799,#800));
#290=EDGE_LOOP('',(#801,#802,#803,#804));
#291=EDGE_LOOP('',(#805,#806,#807,#808));
#292=EDGE_LOOP('',(#809,#810,#811,#812));
#293=EDGE_LOOP('',(#813,#814,#815,#816,#817,#818));
#294=EDGE_LOOP('',(#819,#820,#821,#822,#823,#824));
#295=EDGE_LOOP('',(#825,#826,#827,#828));
#296=EDGE_LOOP('',(#829,#830,#831,#832,#833,#834));
#297=EDGE_LOOP('',(#835,#836,#837,#838,#839,#840));
#298=EDGE_LOOP('',(#841,#842,#843,#844));
#299=EDGE_LOOP('',(#845));
#300=EDGE_LOOP('',(#846,#847,#848,#849,#850,#851,#852,#853,#854,#855,#856,
#857,#858,#859,#860,#861,#862,#863,#864,#865,#866,#867));
#301=EDGE_LOOP('',(#868));
#302=EDGE_LOOP('',(#869,#870,#871,#872,#873));
#303=EDGE_LOOP('',(#874,#875,#876,#877,#878,#879));
#304=EDGE_LOOP('',(#880,#881,#882,#883,#884));
#305=EDGE_LOOP('',(#885));
#306=EDGE_LOOP('',(#886));
#307=EDGE_LOOP('',(#887,#888,#889,#890,#891));
#308=EDGE_LOOP('',(#892,#893,#894,#895,#896,#897));
#309=CIRCLE('',#978,0.250106352881347);
#310=CIRCLE('',#979,0.250106352881347);
#311=CIRCLE('',#980,0.075);
#312=CIRCLE('',#981,0.25);
#313=CIRCLE('',#982,0.25);
#314=CIRCLE('',#984,0.26);
#315=CIRCLE('',#986,0.26);
#316=CIRCLE('',#987,0.26);
#317=CIRCLE('',#988,0.26);
#318=CIRCLE('',#994,0.26);
#319=CIRCLE('',#995,0.26);
#320=CIRCLE('',#996,0.26);
#321=CIRCLE('',#998,0.26);
#322=CIRCLE('',#1000,0.2075);
#323=CIRCLE('',#1001,0.15);
#324=CIRCLE('',#1003,0.1605);
#325=CIRCLE('',#1004,0.1605);
#326=CIRCLE('',#1005,0.015);
#327=CIRCLE('',#1007,0.01);
#328=CIRCLE('',#1008,0.1675);
#329=CIRCLE('',#1009,0.1675);
#330=CIRCLE('',#1011,0.1675);
#331=CIRCLE('',#1012,0.1675);
#332=CIRCLE('',#1014,0.2325);
#333=CIRCLE('',#1015,0.025);
#334=CIRCLE('',#1016,0.2325);
#335=CIRCLE('',#1018,0.2325);
#336=CIRCLE('',#1019,0.2325);
#337=CIRCLE('',#1021,0.24125);
#338=CIRCLE('',#1022,0.025);
#339=CIRCLE('',#1023,0.24125);
#340=CIRCLE('',#1025,0.165);
#341=CIRCLE('',#1026,0.005);
#342=CIRCLE('',#1027,0.005);
#343=CIRCLE('',#1030,0.17625);
#344=CIRCLE('',#1031,0.01);
#345=CIRCLE('',#1032,0.17625);
#346=CIRCLE('',#1034,0.01);
#347=CIRCLE('',#1035,0.185);
#348=CIRCLE('',#1036,0.185);
#349=CIRCLE('',#1038,0.25);
#350=CIRCLE('',#1039,0.25);
#351=CIRCLE('',#1041,0.025);
#352=CIRCLE('',#1044,0.46);
#353=CIRCLE('',#1046,0.04);
#354=CIRCLE('',#1047,0.5);
#355=CIRCLE('',#1048,0.5);
#356=CIRCLE('',#1050,0.5);
#357=CIRCLE('',#1051,0.5);
#358=CIRCLE('',#1053,0.04);
#359=CIRCLE('',#1054,0.46);
#360=CIRCLE('',#1056,0.235);
#361=CIRCLE('',#1058,0.05);
#362=CIRCLE('',#1059,0.185);
#363=CIRCLE('',#1060,0.185);
#364=VERTEX_POINT('',#1278);
#365=VERTEX_POINT('',#1279);
#366=VERTEX_POINT('',#1282);
#367=VERTEX_POINT('',#1284);
#368=VERTEX_POINT('',#1288);
#369=VERTEX_POINT('',#1292);
#370=VERTEX_POINT('',#1294);
#371=VERTEX_POINT('',#1296);
#372=VERTEX_POINT('',#1309);
#373=VERTEX_POINT('',#1310);
#374=VERTEX_POINT('',#1316);
#375=VERTEX_POINT('',#1318);
#376=VERTEX_POINT('',#1335);
#377=VERTEX_POINT('',#1341);
#378=VERTEX_POINT('',#1358);
#379=VERTEX_POINT('',#1364);
#380=VERTEX_POINT('',#1381);
#381=VERTEX_POINT('',#1387);
#382=VERTEX_POINT('',#1404);
#383=VERTEX_POINT('',#1410);
#384=VERTEX_POINT('',#1427);
#385=VERTEX_POINT('',#1433);
#386=VERTEX_POINT('',#1450);
#387=VERTEX_POINT('',#1456);
#388=VERTEX_POINT('',#1473);
#389=VERTEX_POINT('',#1479);
#390=VERTEX_POINT('',#1496);
#391=VERTEX_POINT('',#1502);
#392=VERTEX_POINT('',#1510);
#393=VERTEX_POINT('',#1512);
#394=VERTEX_POINT('',#1525);
#395=VERTEX_POINT('',#1531);
#396=VERTEX_POINT('',#1548);
#397=VERTEX_POINT('',#1554);
#398=VERTEX_POINT('',#1571);
#399=VERTEX_POINT('',#1577);
#400=VERTEX_POINT('',#1594);
#401=VERTEX_POINT('',#1600);
#402=VERTEX_POINT('',#1617);
#403=VERTEX_POINT('',#1623);
#404=VERTEX_POINT('',#1640);
#405=VERTEX_POINT('',#1646);
#406=VERTEX_POINT('',#1663);
#407=VERTEX_POINT('',#1669);
#408=VERTEX_POINT('',#1686);
#409=VERTEX_POINT('',#1692);
#410=VERTEX_POINT('',#1709);
#411=VERTEX_POINT('',#1715);
#412=VERTEX_POINT('',#1723);
#413=VERTEX_POINT('',#1725);
#414=VERTEX_POINT('',#1729);
#415=VERTEX_POINT('',#1731);
#416=VERTEX_POINT('',#1813);
#417=VERTEX_POINT('',#1829);
#418=VERTEX_POINT('',#1845);
#419=VERTEX_POINT('',#1925);
#420=VERTEX_POINT('',#1929);
#421=VERTEX_POINT('',#1931);
#422=VERTEX_POINT('',#1934);
#423=VERTEX_POINT('',#1935);
#424=VERTEX_POINT('',#1940);
#425=VERTEX_POINT('',#1942);
#426=VERTEX_POINT('',#1946);
#427=VERTEX_POINT('',#1947);
#428=VERTEX_POINT('',#1951);
#429=VERTEX_POINT('',#1952);
#430=VERTEX_POINT('',#1954);
#431=VERTEX_POINT('',#1964);
#432=VERTEX_POINT('',#1965);
#433=VERTEX_POINT('',#1970);
#434=VERTEX_POINT('',#1972);
#435=VERTEX_POINT('',#1976);
#436=VERTEX_POINT('',#1977);
#437=VERTEX_POINT('',#1983);
#438=VERTEX_POINT('',#1985);
#439=VERTEX_POINT('',#1996);
#440=VERTEX_POINT('',#2003);
#441=VERTEX_POINT('',#2005);
#442=VERTEX_POINT('',#2048);
#443=VERTEX_POINT('',#2049);
#444=VERTEX_POINT('',#2067);
#445=VERTEX_POINT('',#2159);
#446=VERTEX_POINT('',#2160);
#447=VERTEX_POINT('',#2165);
#448=VERTEX_POINT('',#2167);
#449=VERTEX_POINT('',#2218);
#450=VERTEX_POINT('',#2219);
#451=VERTEX_POINT('',#2227);
#452=VERTEX_POINT('',#2230);
#453=VERTEX_POINT('',#2232);
#454=VERTEX_POINT('',#2236);
#455=VERTEX_POINT('',#2237);
#456=VERTEX_POINT('',#2242);
#457=VERTEX_POINT('',#2246);
#458=VERTEX_POINT('',#2249);
#459=VERTEX_POINT('',#2251);
#460=EDGE_CURVE('',#364,#365,#309,.T.);
#461=EDGE_CURVE('',#365,#364,#310,.T.);
#462=EDGE_CURVE('',#364,#366,#311,.T.);
#463=EDGE_CURVE('',#367,#366,#312,.T.);
#464=EDGE_CURVE('',#366,#367,#313,.T.);
#465=EDGE_CURVE('',#368,#368,#314,.T.);
#466=EDGE_CURVE('',#368,#365,#111,.T.);
#467=EDGE_CURVE('',#368,#369,#112,.T.);
#468=EDGE_CURVE('',#370,#369,#315,.T.);
#469=EDGE_CURVE('',#370,#371,#316,.T.);
#470=EDGE_CURVE('',#369,#371,#317,.T.);
#471=EDGE_CURVE('',#372,#373,#36,.T.);
#472=EDGE_CURVE('',#372,#374,#113,.T.);
#473=EDGE_CURVE('',#374,#375,#37,.T.);
#474=EDGE_CURVE('',#373,#375,#114,.T.);
#475=EDGE_CURVE('',#376,#372,#38,.T.);
#476=EDGE_CURVE('',#376,#377,#115,.T.);
#477=EDGE_CURVE('',#377,#374,#39,.T.);
#478=EDGE_CURVE('',#378,#376,#40,.T.);
#479=EDGE_CURVE('',#378,#379,#116,.T.);
#480=EDGE_CURVE('',#379,#377,#41,.T.);
#481=EDGE_CURVE('',#380,#378,#42,.T.);
#482=EDGE_CURVE('',#380,#381,#117,.T.);
#483=EDGE_CURVE('',#381,#379,#43,.T.);
#484=EDGE_CURVE('',#382,#380,#44,.T.);
#485=EDGE_CURVE('',#382,#383,#118,.T.);
#486=EDGE_CURVE('',#383,#381,#45,.T.);
#487=EDGE_CURVE('',#384,#382,#46,.T.);
#488=EDGE_CURVE('',#384,#385,#119,.T.);
#489=EDGE_CURVE('',#385,#383,#47,.T.);
#490=EDGE_CURVE('',#386,#384,#48,.T.);
#491=EDGE_CURVE('',#386,#387,#120,.T.);
#492=EDGE_CURVE('',#387,#385,#49,.T.);
#493=EDGE_CURVE('',#388,#386,#50,.T.);
#494=EDGE_CURVE('',#388,#389,#121,.T.);
#495=EDGE_CURVE('',#389,#387,#51,.T.);
#496=EDGE_CURVE('',#390,#388,#52,.T.);
#497=EDGE_CURVE('',#390,#391,#122,.T.);
#498=EDGE_CURVE('',#391,#389,#53,.T.);
#499=EDGE_CURVE('',#392,#390,#123,.T.);
#500=EDGE_CURVE('',#392,#393,#124,.T.);
#501=EDGE_CURVE('',#393,#391,#125,.T.);
#502=EDGE_CURVE('',#394,#392,#54,.T.);
#503=EDGE_CURVE('',#394,#395,#126,.T.);
#504=EDGE_CURVE('',#395,#393,#55,.T.);
#505=EDGE_CURVE('',#396,#394,#56,.T.);
#506=EDGE_CURVE('',#396,#397,#127,.T.);
#507=EDGE_CURVE('',#397,#395,#57,.T.);
#508=EDGE_CURVE('',#398,#396,#58,.T.);
#509=EDGE_CURVE('',#398,#399,#128,.T.);
#510=EDGE_CURVE('',#399,#397,#59,.T.);
#511=EDGE_CURVE('',#400,#398,#60,.T.);
#512=EDGE_CURVE('',#400,#401,#129,.T.);
#513=EDGE_CURVE('',#401,#399,#61,.T.);
#514=EDGE_CURVE('',#402,#400,#62,.T.);
#515=EDGE_CURVE('',#402,#403,#130,.T.);
#516=EDGE_CURVE('',#403,#401,#63,.T.);
#517=EDGE_CURVE('',#404,#402,#64,.T.);
#518=EDGE_CURVE('',#404,#405,#131,.T.);
#519=EDGE_CURVE('',#405,#403,#65,.T.);
#520=EDGE_CURVE('',#406,#404,#66,.T.);
#521=EDGE_CURVE('',#406,#407,#132,.T.);
#522=EDGE_CURVE('',#407,#405,#67,.T.);
#523=EDGE_CURVE('',#408,#406,#68,.T.);
#524=EDGE_CURVE('',#408,#409,#133,.T.);
#525=EDGE_CURVE('',#409,#407,#69,.T.);
#526=EDGE_CURVE('',#410,#408,#70,.T.);
#527=EDGE_CURVE('',#410,#411,#134,.T.);
#528=EDGE_CURVE('',#411,#409,#71,.T.);
#529=EDGE_CURVE('',#412,#410,#135,.T.);
#530=EDGE_CURVE('',#412,#413,#136,.T.);
#531=EDGE_CURVE('',#413,#411,#137,.T.);
#532=EDGE_CURVE('',#414,#412,#138,.T.);
#533=EDGE_CURVE('',#414,#415,#139,.T.);
#534=EDGE_CURVE('',#415,#413,#140,.T.);
#535=EDGE_CURVE('',#373,#414,#141,.T.);
#536=EDGE_CURVE('',#375,#415,#142,.T.);
#537=EDGE_CURVE('',#416,#370,#20,.T.);
#538=EDGE_CURVE('',#371,#417,#21,.T.);
#539=EDGE_CURVE('',#418,#417,#318,.T.);
#540=EDGE_CURVE('',#416,#418,#319,.T.);
#541=EDGE_CURVE('',#417,#416,#320,.T.);
#542=EDGE_CURVE('',#418,#419,#143,.T.);
#543=EDGE_CURVE('',#419,#419,#321,.T.);
#544=EDGE_CURVE('',#420,#420,#322,.T.);
#545=EDGE_CURVE('',#421,#421,#323,.T.);
#546=EDGE_CURVE('',#422,#423,#324,.T.);
#547=EDGE_CURVE('',#423,#422,#325,.T.);
#548=EDGE_CURVE('',#422,#421,#326,.T.);
#549=EDGE_CURVE('',#423,#424,#327,.T.);
#550=EDGE_CURVE('',#424,#425,#328,.T.);
#551=EDGE_CURVE('',#425,#424,#329,.T.);
#552=EDGE_CURVE('',#426,#427,#330,.T.);
#553=EDGE_CURVE('',#427,#425,#144,.T.);
#554=EDGE_CURVE('',#427,#426,#331,.T.);
#555=EDGE_CURVE('',#428,#429,#145,.T.);
#556=EDGE_CURVE('',#430,#428,#72,.T.);
#557=EDGE_CURVE('',#430,#428,#73,.T.);
#558=EDGE_CURVE('',#431,#432,#332,.T.);
#559=EDGE_CURVE('',#432,#420,#333,.T.);
#560=EDGE_CURVE('',#432,#431,#334,.T.);
#561=EDGE_CURVE('',#431,#433,#146,.T.);
#562=EDGE_CURVE('',#434,#433,#335,.T.);
#563=EDGE_CURVE('',#433,#434,#336,.T.);
#564=EDGE_CURVE('',#435,#436,#337,.T.);
#565=EDGE_CURVE('',#435,#434,#338,.T.);
#566=EDGE_CURVE('',#436,#435,#339,.T.);
#567=EDGE_CURVE('',#428,#429,#147,.T.);
#568=EDGE_CURVE('',#429,#437,#340,.T.);
#569=EDGE_CURVE('',#438,#437,#74,.F.);
#570=EDGE_CURVE('',#439,#438,#75,.F.);
#571=EDGE_CURVE('',#439,#440,#148,.T.);
#572=EDGE_CURVE('',#440,#441,#76,.T.);
#573=EDGE_CURVE('',#441,#430,#77,.T.);
#574=EDGE_CURVE('',#442,#443,#78,.T.);
#575=EDGE_CURVE('',#443,#439,#79,.T.);
#576=EDGE_CURVE('',#439,#444,#341,.T.);
#577=EDGE_CURVE('',#444,#442,#80,.T.);
#578=EDGE_CURVE('',#437,#444,#342,.T.);
#579=EDGE_CURVE('',#442,#429,#149,.T.);
#580=EDGE_CURVE('',#443,#441,#81,.T.);
#581=EDGE_CURVE('',#445,#446,#343,.T.);
#582=EDGE_CURVE('',#445,#426,#344,.T.);
#583=EDGE_CURVE('',#446,#445,#345,.T.);
#584=EDGE_CURVE('',#446,#447,#346,.T.);
#585=EDGE_CURVE('',#447,#448,#347,.T.);
#586=EDGE_CURVE('',#448,#447,#348,.T.);
#587=EDGE_CURVE('',#428,#443,#82,.T.);
#588=EDGE_CURVE('',#449,#450,#349,.T.);
#589=EDGE_CURVE('',#449,#367,#150,.T.);
#590=EDGE_CURVE('',#450,#449,#350,.T.);
#591=EDGE_CURVE('',#450,#436,#351,.T.);
#592=EDGE_CURVE('',#451,#451,#352,.T.);
#593=EDGE_CURVE('',#451,#452,#353,.T.);
#594=EDGE_CURVE('',#453,#452,#354,.T.);
#595=EDGE_CURVE('',#452,#453,#355,.T.);
#596=EDGE_CURVE('',#454,#455,#356,.T.);
#597=EDGE_CURVE('',#455,#454,#357,.T.);
#598=EDGE_CURVE('',#455,#453,#151,.T.);
#599=EDGE_CURVE('',#454,#456,#358,.T.);
#600=EDGE_CURVE('',#456,#456,#359,.T.);
#601=EDGE_CURVE('',#457,#457,#360,.T.);
#602=EDGE_CURVE('',#457,#458,#361,.T.);
#603=EDGE_CURVE('',#459,#458,#362,.T.);
#604=EDGE_CURVE('',#458,#459,#363,.T.);
#605=EDGE_CURVE('',#459,#448,#152,.T.);
#606=ORIENTED_EDGE('',*,*,#460,.T.);
#607=ORIENTED_EDGE('',*,*,#461,.T.);
#608=ORIENTED_EDGE('',*,*,#462,.T.);
#609=ORIENTED_EDGE('',*,*,#463,.F.);
#610=ORIENTED_EDGE('',*,*,#464,.F.);
#611=ORIENTED_EDGE('',*,*,#462,.F.);
#612=ORIENTED_EDGE('',*,*,#465,.T.);
#613=ORIENTED_EDGE('',*,*,#466,.T.);
#614=ORIENTED_EDGE('',*,*,#460,.F.);
#615=ORIENTED_EDGE('',*,*,#461,.F.);
#616=ORIENTED_EDGE('',*,*,#466,.F.);
#617=ORIENTED_EDGE('',*,*,#465,.F.);
#618=ORIENTED_EDGE('',*,*,#467,.T.);
#619=ORIENTED_EDGE('',*,*,#468,.F.);
#620=ORIENTED_EDGE('',*,*,#469,.T.);
#621=ORIENTED_EDGE('',*,*,#470,.F.);
#622=ORIENTED_EDGE('',*,*,#467,.F.);
#623=ORIENTED_EDGE('',*,*,#471,.F.);
#624=ORIENTED_EDGE('',*,*,#472,.T.);
#625=ORIENTED_EDGE('',*,*,#473,.T.);
#626=ORIENTED_EDGE('',*,*,#474,.F.);
#627=ORIENTED_EDGE('',*,*,#475,.F.);
#628=ORIENTED_EDGE('',*,*,#476,.T.);
#629=ORIENTED_EDGE('',*,*,#477,.T.);
#630=ORIENTED_EDGE('',*,*,#472,.F.);
#631=ORIENTED_EDGE('',*,*,#478,.F.);
#632=ORIENTED_EDGE('',*,*,#479,.T.);
#633=ORIENTED_EDGE('',*,*,#480,.T.);
#634=ORIENTED_EDGE('',*,*,#476,.F.);
#635=ORIENTED_EDGE('',*,*,#481,.F.);
#636=ORIENTED_EDGE('',*,*,#482,.T.);
#637=ORIENTED_EDGE('',*,*,#483,.T.);
#638=ORIENTED_EDGE('',*,*,#479,.F.);
#639=ORIENTED_EDGE('',*,*,#484,.F.);
#640=ORIENTED_EDGE('',*,*,#485,.T.);
#641=ORIENTED_EDGE('',*,*,#486,.T.);
#642=ORIENTED_EDGE('',*,*,#482,.F.);
#643=ORIENTED_EDGE('',*,*,#487,.F.);
#644=ORIENTED_EDGE('',*,*,#488,.T.);
#645=ORIENTED_EDGE('',*,*,#489,.T.);
#646=ORIENTED_EDGE('',*,*,#485,.F.);
#647=ORIENTED_EDGE('',*,*,#490,.F.);
#648=ORIENTED_EDGE('',*,*,#491,.T.);
#649=ORIENTED_EDGE('',*,*,#492,.T.);
#650=ORIENTED_EDGE('',*,*,#488,.F.);
#651=ORIENTED_EDGE('',*,*,#493,.F.);
#652=ORIENTED_EDGE('',*,*,#494,.T.);
#653=ORIENTED_EDGE('',*,*,#495,.T.);
#654=ORIENTED_EDGE('',*,*,#491,.F.);
#655=ORIENTED_EDGE('',*,*,#496,.F.);
#656=ORIENTED_EDGE('',*,*,#497,.T.);
#657=ORIENTED_EDGE('',*,*,#498,.T.);
#658=ORIENTED_EDGE('',*,*,#494,.F.);
#659=ORIENTED_EDGE('',*,*,#499,.F.);
#660=ORIENTED_EDGE('',*,*,#500,.T.);
#661=ORIENTED_EDGE('',*,*,#501,.T.);
#662=ORIENTED_EDGE('',*,*,#497,.F.);
#663=ORIENTED_EDGE('',*,*,#502,.F.);
#664=ORIENTED_EDGE('',*,*,#503,.T.);
#665=ORIENTED_EDGE('',*,*,#504,.T.);
#666=ORIENTED_EDGE('',*,*,#500,.F.);
#667=ORIENTED_EDGE('',*,*,#505,.F.);
#668=ORIENTED_EDGE('',*,*,#506,.T.);
#669=ORIENTED_EDGE('',*,*,#507,.T.);
#670=ORIENTED_EDGE('',*,*,#503,.F.);
#671=ORIENTED_EDGE('',*,*,#508,.F.);
#672=ORIENTED_EDGE('',*,*,#509,.T.);
#673=ORIENTED_EDGE('',*,*,#510,.T.);
#674=ORIENTED_EDGE('',*,*,#506,.F.);
#675=ORIENTED_EDGE('',*,*,#511,.F.);
#676=ORIENTED_EDGE('',*,*,#512,.T.);
#677=ORIENTED_EDGE('',*,*,#513,.T.);
#678=ORIENTED_EDGE('',*,*,#509,.F.);
#679=ORIENTED_EDGE('',*,*,#514,.F.);
#680=ORIENTED_EDGE('',*,*,#515,.T.);
#681=ORIENTED_EDGE('',*,*,#516,.T.);
#682=ORIENTED_EDGE('',*,*,#512,.F.);
#683=ORIENTED_EDGE('',*,*,#517,.F.);
#684=ORIENTED_EDGE('',*,*,#518,.T.);
#685=ORIENTED_EDGE('',*,*,#519,.T.);
#686=ORIENTED_EDGE('',*,*,#515,.F.);
#687=ORIENTED_EDGE('',*,*,#520,.F.);
#688=ORIENTED_EDGE('',*,*,#521,.T.);
#689=ORIENTED_EDGE('',*,*,#522,.T.);
#690=ORIENTED_EDGE('',*,*,#518,.F.);
#691=ORIENTED_EDGE('',*,*,#523,.F.);
#692=ORIENTED_EDGE('',*,*,#524,.T.);
#693=ORIENTED_EDGE('',*,*,#525,.T.);
#694=ORIENTED_EDGE('',*,*,#521,.F.);
#695=ORIENTED_EDGE('',*,*,#526,.F.);
#696=ORIENTED_EDGE('',*,*,#527,.T.);
#697=ORIENTED_EDGE('',*,*,#528,.T.);
#698=ORIENTED_EDGE('',*,*,#524,.F.);
#699=ORIENTED_EDGE('',*,*,#529,.F.);
#700=ORIENTED_EDGE('',*,*,#530,.T.);
#701=ORIENTED_EDGE('',*,*,#531,.T.);
#702=ORIENTED_EDGE('',*,*,#527,.F.);
#703=ORIENTED_EDGE('',*,*,#532,.F.);
#704=ORIENTED_EDGE('',*,*,#533,.T.);
#705=ORIENTED_EDGE('',*,*,#534,.T.);
#706=ORIENTED_EDGE('',*,*,#530,.F.);
#707=ORIENTED_EDGE('',*,*,#535,.F.);
#708=ORIENTED_EDGE('',*,*,#474,.T.);
#709=ORIENTED_EDGE('',*,*,#536,.T.);
#710=ORIENTED_EDGE('',*,*,#533,.F.);
#711=ORIENTED_EDGE('',*,*,#536,.F.);
#712=ORIENTED_EDGE('',*,*,#473,.F.);
#713=ORIENTED_EDGE('',*,*,#477,.F.);
#714=ORIENTED_EDGE('',*,*,#480,.F.);
#715=ORIENTED_EDGE('',*,*,#483,.F.);
#716=ORIENTED_EDGE('',*,*,#486,.F.);
#717=ORIENTED_EDGE('',*,*,#489,.F.);
#718=ORIENTED_EDGE('',*,*,#492,.F.);
#719=ORIENTED_EDGE('',*,*,#495,.F.);
#720=ORIENTED_EDGE('',*,*,#498,.F.);
#721=ORIENTED_EDGE('',*,*,#501,.F.);
#722=ORIENTED_EDGE('',*,*,#504,.F.);
#723=ORIENTED_EDGE('',*,*,#507,.F.);
#724=ORIENTED_EDGE('',*,*,#510,.F.);
#725=ORIENTED_EDGE('',*,*,#513,.F.);
#726=ORIENTED_EDGE('',*,*,#516,.F.);
#727=ORIENTED_EDGE('',*,*,#519,.F.);
#728=ORIENTED_EDGE('',*,*,#522,.F.);
#729=ORIENTED_EDGE('',*,*,#525,.F.);
#730=ORIENTED_EDGE('',*,*,#528,.F.);
#731=ORIENTED_EDGE('',*,*,#531,.F.);
#732=ORIENTED_EDGE('',*,*,#534,.F.);
#733=ORIENTED_EDGE('',*,*,#537,.T.);
#734=ORIENTED_EDGE('',*,*,#468,.T.);
#735=ORIENTED_EDGE('',*,*,#470,.T.);
#736=ORIENTED_EDGE('',*,*,#538,.T.);
#737=ORIENTED_EDGE('',*,*,#539,.F.);
#738=ORIENTED_EDGE('',*,*,#540,.F.);
#739=ORIENTED_EDGE('',*,*,#538,.F.);
#740=ORIENTED_EDGE('',*,*,#469,.F.);
#741=ORIENTED_EDGE('',*,*,#537,.F.);
#742=ORIENTED_EDGE('',*,*,#541,.F.);
#743=ORIENTED_EDGE('',*,*,#540,.T.);
#744=ORIENTED_EDGE('',*,*,#542,.T.);
#745=ORIENTED_EDGE('',*,*,#543,.F.);
#746=ORIENTED_EDGE('',*,*,#542,.F.);
#747=ORIENTED_EDGE('',*,*,#539,.T.);
#748=ORIENTED_EDGE('',*,*,#541,.T.);
#749=ORIENTED_EDGE('',*,*,#544,.F.);
#750=ORIENTED_EDGE('',*,*,#545,.T.);
#751=ORIENTED_EDGE('',*,*,#546,.T.);
#752=ORIENTED_EDGE('',*,*,#547,.T.);
#753=ORIENTED_EDGE('',*,*,#548,.T.);
#754=ORIENTED_EDGE('',*,*,#545,.F.);
#755=ORIENTED_EDGE('',*,*,#548,.F.);
#756=ORIENTED_EDGE('',*,*,#546,.F.);
#757=ORIENTED_EDGE('',*,*,#547,.F.);
#758=ORIENTED_EDGE('',*,*,#549,.T.);
#759=ORIENTED_EDGE('',*,*,#550,.T.);
#760=ORIENTED_EDGE('',*,*,#551,.T.);
#761=ORIENTED_EDGE('',*,*,#549,.F.);
#762=ORIENTED_EDGE('',*,*,#552,.T.);
#763=ORIENTED_EDGE('',*,*,#553,.T.);
#764=ORIENTED_EDGE('',*,*,#550,.F.);
#765=ORIENTED_EDGE('',*,*,#551,.F.);
#766=ORIENTED_EDGE('',*,*,#553,.F.);
#767=ORIENTED_EDGE('',*,*,#554,.T.);
#768=ORIENTED_EDGE('',*,*,#555,.T.);
#769=ORIENTED_EDGE('',*,*,#555,.F.);
#770=ORIENTED_EDGE('',*,*,#556,.F.);
#771=ORIENTED_EDGE('',*,*,#557,.T.);
#772=ORIENTED_EDGE('',*,*,#558,.T.);
#773=ORIENTED_EDGE('',*,*,#559,.T.);
#774=ORIENTED_EDGE('',*,*,#544,.T.);
#775=ORIENTED_EDGE('',*,*,#559,.F.);
#776=ORIENTED_EDGE('',*,*,#560,.T.);
#777=ORIENTED_EDGE('',*,*,#558,.F.);
#778=ORIENTED_EDGE('',*,*,#561,.T.);
#779=ORIENTED_EDGE('',*,*,#562,.F.);
#780=ORIENTED_EDGE('',*,*,#563,.F.);
#781=ORIENTED_EDGE('',*,*,#561,.F.);
#782=ORIENTED_EDGE('',*,*,#560,.F.);
#783=ORIENTED_EDGE('',*,*,#564,.F.);
#784=ORIENTED_EDGE('',*,*,#565,.T.);
#785=ORIENTED_EDGE('',*,*,#562,.T.);
#786=ORIENTED_EDGE('',*,*,#563,.T.);
#787=ORIENTED_EDGE('',*,*,#565,.F.);
#788=ORIENTED_EDGE('',*,*,#566,.F.);
#789=ORIENTED_EDGE('',*,*,#567,.T.);
#790=ORIENTED_EDGE('',*,*,#568,.T.);
#791=ORIENTED_EDGE('',*,*,#569,.F.);
#792=ORIENTED_EDGE('',*,*,#570,.F.);
#793=ORIENTED_EDGE('',*,*,#571,.T.);
#794=ORIENTED_EDGE('',*,*,#572,.T.);
#795=ORIENTED_EDGE('',*,*,#573,.T.);
#796=ORIENTED_EDGE('',*,*,#557,.T.);
#797=ORIENTED_EDGE('',*,*,#574,.T.);
#798=ORIENTED_EDGE('',*,*,#575,.T.);
#799=ORIENTED_EDGE('',*,*,#576,.T.);
#800=ORIENTED_EDGE('',*,*,#577,.T.);
#801=ORIENTED_EDGE('',*,*,#570,.T.);
#802=ORIENTED_EDGE('',*,*,#569,.T.);
#803=ORIENTED_EDGE('',*,*,#578,.T.);
#804=ORIENTED_EDGE('',*,*,#576,.F.);
#805=ORIENTED_EDGE('',*,*,#577,.F.);
#806=ORIENTED_EDGE('',*,*,#578,.F.);
#807=ORIENTED_EDGE('',*,*,#568,.F.);
#808=ORIENTED_EDGE('',*,*,#579,.F.);
#809=ORIENTED_EDGE('',*,*,#575,.F.);
#810=ORIENTED_EDGE('',*,*,#580,.T.);
#811=ORIENTED_EDGE('',*,*,#572,.F.);
#812=ORIENTED_EDGE('',*,*,#571,.F.);
#813=ORIENTED_EDGE('',*,*,#581,.F.);
#814=ORIENTED_EDGE('',*,*,#582,.T.);
#815=ORIENTED_EDGE('',*,*,#554,.F.);
#816=ORIENTED_EDGE('',*,*,#552,.F.);
#817=ORIENTED_EDGE('',*,*,#582,.F.);
#818=ORIENTED_EDGE('',*,*,#583,.F.);
#819=ORIENTED_EDGE('',*,*,#581,.T.);
#820=ORIENTED_EDGE('',*,*,#584,.T.);
#821=ORIENTED_EDGE('',*,*,#585,.T.);
#822=ORIENTED_EDGE('',*,*,#586,.T.);
#823=ORIENTED_EDGE('',*,*,#584,.F.);
#824=ORIENTED_EDGE('',*,*,#583,.T.);
#825=ORIENTED_EDGE('',*,*,#587,.F.);
#826=ORIENTED_EDGE('',*,*,#556,.F.);
#827=ORIENTED_EDGE('',*,*,#573,.F.);
#828=ORIENTED_EDGE('',*,*,#580,.F.);
#829=ORIENTED_EDGE('',*,*,#588,.F.);
#830=ORIENTED_EDGE('',*,*,#589,.T.);
#831=ORIENTED_EDGE('',*,*,#463,.T.);
#832=ORIENTED_EDGE('',*,*,#464,.T.);
#833=ORIENTED_EDGE('',*,*,#589,.F.);
#834=ORIENTED_EDGE('',*,*,#590,.F.);
#835=ORIENTED_EDGE('',*,*,#588,.T.);
#836=ORIENTED_EDGE('',*,*,#591,.T.);
#837=ORIENTED_EDGE('',*,*,#566,.T.);
#838=ORIENTED_EDGE('',*,*,#564,.T.);
#839=ORIENTED_EDGE('',*,*,#591,.F.);
#840=ORIENTED_EDGE('',*,*,#590,.T.);
#841=ORIENTED_EDGE('',*,*,#587,.T.);
#842=ORIENTED_EDGE('',*,*,#574,.F.);
#843=ORIENTED_EDGE('',*,*,#579,.T.);
#844=ORIENTED_EDGE('',*,*,#567,.F.);
#845=ORIENTED_EDGE('',*,*,#592,.F.);
#846=ORIENTED_EDGE('',*,*,#471,.T.);
#847=ORIENTED_EDGE('',*,*,#535,.T.);
#848=ORIENTED_EDGE('',*,*,#532,.T.);
#849=ORIENTED_EDGE('',*,*,#529,.T.);
#850=ORIENTED_EDGE('',*,*,#526,.T.);
#851=ORIENTED_EDGE('',*,*,#523,.T.);
#852=ORIENTED_EDGE('',*,*,#520,.T.);
#853=ORIENTED_EDGE('',*,*,#517,.T.);
#854=ORIENTED_EDGE('',*,*,#514,.T.);
#855=ORIENTED_EDGE('',*,*,#511,.T.);
#856=ORIENTED_EDGE('',*,*,#508,.T.);
#857=ORIENTED_EDGE('',*,*,#505,.T.);
#858=ORIENTED_EDGE('',*,*,#502,.T.);
#859=ORIENTED_EDGE('',*,*,#499,.T.);
#860=ORIENTED_EDGE('',*,*,#496,.T.);
#861=ORIENTED_EDGE('',*,*,#493,.T.);
#862=ORIENTED_EDGE('',*,*,#490,.T.);
#863=ORIENTED_EDGE('',*,*,#487,.T.);
#864=ORIENTED_EDGE('',*,*,#484,.T.);
#865=ORIENTED_EDGE('',*,*,#481,.T.);
#866=ORIENTED_EDGE('',*,*,#478,.T.);
#867=ORIENTED_EDGE('',*,*,#475,.T.);
#868=ORIENTED_EDGE('',*,*,#543,.T.);
#869=ORIENTED_EDGE('',*,*,#592,.T.);
#870=ORIENTED_EDGE('',*,*,#593,.T.);
#871=ORIENTED_EDGE('',*,*,#594,.F.);
#872=ORIENTED_EDGE('',*,*,#595,.F.);
#873=ORIENTED_EDGE('',*,*,#593,.F.);
#874=ORIENTED_EDGE('',*,*,#596,.F.);
#875=ORIENTED_EDGE('',*,*,#597,.F.);
#876=ORIENTED_EDGE('',*,*,#598,.T.);
#877=ORIENTED_EDGE('',*,*,#594,.T.);
#878=ORIENTED_EDGE('',*,*,#595,.T.);
#879=ORIENTED_EDGE('',*,*,#598,.F.);
#880=ORIENTED_EDGE('',*,*,#596,.T.);
#881=ORIENTED_EDGE('',*,*,#597,.T.);
#882=ORIENTED_EDGE('',*,*,#599,.T.);
#883=ORIENTED_EDGE('',*,*,#600,.F.);
#884=ORIENTED_EDGE('',*,*,#599,.F.);
#885=ORIENTED_EDGE('',*,*,#600,.T.);
#886=ORIENTED_EDGE('',*,*,#601,.F.);
#887=ORIENTED_EDGE('',*,*,#601,.T.);
#888=ORIENTED_EDGE('',*,*,#602,.T.);
#889=ORIENTED_EDGE('',*,*,#603,.F.);
#890=ORIENTED_EDGE('',*,*,#604,.F.);
#891=ORIENTED_EDGE('',*,*,#602,.F.);
#892=ORIENTED_EDGE('',*,*,#604,.T.);
#893=ORIENTED_EDGE('',*,*,#605,.T.);
#894=ORIENTED_EDGE('',*,*,#585,.F.);
#895=ORIENTED_EDGE('',*,*,#586,.F.);
#896=ORIENTED_EDGE('',*,*,#605,.F.);
#897=ORIENTED_EDGE('',*,*,#603,.T.);
#898=TOROIDAL_SURFACE('',#977,0.175204398140225,0.075);
#899=TOROIDAL_SURFACE('',#1002,0.165,0.015);
#900=TOROIDAL_SURFACE('',#1006,0.1575,0.01);
#901=TOROIDAL_SURFACE('',#1013,0.2075,0.025);
#902=TOROIDAL_SURFACE('',#1020,0.2575,0.025);
#903=TOROIDAL_SURFACE('',#1029,0.1775,0.01);
#904=TOROIDAL_SURFACE('',#1033,0.175,0.01);
#905=TOROIDAL_SURFACE('',#1040,0.225,0.025);
#906=TOROIDAL_SURFACE('',#1045,0.46,0.04);
#907=TOROIDAL_SURFACE('',#1052,0.46,0.04);
#908=TOROIDAL_SURFACE('',#1057,0.235,0.05);
#909=ADVANCED_FACE('',(#196),#898,.T.);
#910=ADVANCED_FACE('',(#197),#195,.T.);
#911=ADVANCED_FACE('',(#198),#103,.T.);
#912=ADVANCED_FACE('',(#199),#83,.F.);
#913=ADVANCED_FACE('',(#200),#84,.F.);
#914=ADVANCED_FACE('',(#201),#85,.F.);
#915=ADVANCED_FACE('',(#202),#86,.F.);
#916=ADVANCED_FACE('',(#203),#87,.F.);
#917=ADVANCED_FACE('',(#204),#88,.F.);
#918=ADVANCED_FACE('',(#205),#89,.F.);
#919=ADVANCED_FACE('',(#206),#90,.F.);
#920=ADVANCED_FACE('',(#207),#91,.F.);
#921=ADVANCED_FACE('',(#208),#26,.F.);
#922=ADVANCED_FACE('',(#209),#92,.F.);
#923=ADVANCED_FACE('',(#210),#93,.F.);
#924=ADVANCED_FACE('',(#211),#94,.F.);
#925=ADVANCED_FACE('',(#212),#95,.F.);
#926=ADVANCED_FACE('',(#213),#96,.F.);
#927=ADVANCED_FACE('',(#214),#97,.F.);
#928=ADVANCED_FACE('',(#215),#98,.F.);
#929=ADVANCED_FACE('',(#216),#99,.F.);
#930=ADVANCED_FACE('',(#217),#100,.F.);
#931=ADVANCED_FACE('',(#218),#27,.F.);
#932=ADVANCED_FACE('',(#219),#28,.F.);
#933=ADVANCED_FACE('',(#220),#29,.F.);
#934=ADVANCED_FACE('',(#221),#30,.T.);
#935=ADVANCED_FACE('',(#222),#22,.T.);
#936=ADVANCED_FACE('',(#223),#23,.F.);
#937=ADVANCED_FACE('',(#224),#104,.T.);
#938=ADVANCED_FACE('',(#225,#15),#31,.T.);
#939=ADVANCED_FACE('',(#226),#899,.T.);
#940=ADVANCED_FACE('',(#227),#900,.F.);
#941=ADVANCED_FACE('',(#228,#16),#105,.F.);
#942=ADVANCED_FACE('',(#229),#901,.T.);
#943=ADVANCED_FACE('',(#230),#106,.T.);
#944=ADVANCED_FACE('',(#231),#902,.F.);
#945=ADVANCED_FACE('',(#232),#107,.T.);
#946=ADVANCED_FACE('',(#233),#101,.F.);
#947=ADVANCED_FACE('',(#234),#24,.T.);
#948=ADVANCED_FACE('',(#235),#32,.T.);
#949=ADVANCED_FACE('',(#236),#102,.F.);
#950=ADVANCED_FACE('',(#237),#903,.T.);
#951=ADVANCED_FACE('',(#238),#904,.F.);
#952=ADVANCED_FACE('',(#239),#25,.T.);
#953=ADVANCED_FACE('',(#240),#108,.T.);
#954=ADVANCED_FACE('',(#241),#905,.T.);
#955=ADVANCED_FACE('',(#242),#33,.T.);
#956=ADVANCED_FACE('',(#243,#17,#18),#34,.F.);
#957=ADVANCED_FACE('',(#244),#906,.T.);
#958=ADVANCED_FACE('',(#245),#109,.T.);
#959=ADVANCED_FACE('',(#246),#907,.T.);
#960=ADVANCED_FACE('',(#247,#19),#35,.T.);
#961=ADVANCED_FACE('',(#248),#908,.T.);
#962=ADVANCED_FACE('',(#249),#110,.F.);
#963=CLOSED_SHELL('',(#909,#910,#911,#912,#913,#914,#915,#916,#917,#918,
#919,#920,#921,#922,#923,#924,#925,#926,#927,#928,#929,#930,#931,#932,#933,
#934,#935,#936,#937,#938,#939,#940,#941,#942,#943,#944,#945,#946,#947,#948,
#949,#950,#951,#952,#953,#954,#955,#956,#957,#958,#959,#960,#961,#962));
#964=DERIVED_UNIT_ELEMENT(#966,1.);
#965=DERIVED_UNIT_ELEMENT(#2263,-3.);
#966=(
MASS_UNIT()
NAMED_UNIT(*)
SI_UNIT(.KILO.,.GRAM.)
);
#967=DERIVED_UNIT((#964,#965));
#968=MEASURE_REPRESENTATION_ITEM('density measure',
POSITIVE_RATIO_MEASURE(7850.),#967);
#969=PROPERTY_DEFINITION_REPRESENTATION(#974,#971);
#970=PROPERTY_DEFINITION_REPRESENTATION(#975,#972);
#971=REPRESENTATION('material name',(#973),#2258);
#972=REPRESENTATION('density',(#968),#2258);
#973=DESCRIPTIVE_REPRESENTATION_ITEM('Steel','Steel');
#974=PROPERTY_DEFINITION('material property','material name',#2271);
#975=PROPERTY_DEFINITION('material property','density of part',#2271);
#976=AXIS2_PLACEMENT_3D('',#1276,#1062,#1063);
#977=AXIS2_PLACEMENT_3D('',#1277,#1064,#1065);
#978=AXIS2_PLACEMENT_3D('',#1280,#1066,#1067);
#979=AXIS2_PLACEMENT_3D('',#1281,#1068,#1069);
#980=AXIS2_PLACEMENT_3D('',#1283,#1070,#1071);
#981=AXIS2_PLACEMENT_3D('',#1285,#1072,#1073);
#982=AXIS2_PLACEMENT_3D('',#1286,#1074,#1075);
#983=AXIS2_PLACEMENT_3D('',#1287,#1076,#1077);
#984=AXIS2_PLACEMENT_3D('',#1289,#1078,#1079);
#985=AXIS2_PLACEMENT_3D('',#1291,#1081,#1082);
#986=AXIS2_PLACEMENT_3D('',#1295,#1084,#1085);
#987=AXIS2_PLACEMENT_3D('',#1297,#1086,#1087);
#988=AXIS2_PLACEMENT_3D('',#1298,#1088,#1089);
#989=AXIS2_PLACEMENT_3D('',#1509,#1100,#1101);
#990=AXIS2_PLACEMENT_3D('',#1722,#1114,#1115);
#991=AXIS2_PLACEMENT_3D('',#1728,#1119,#1120);
#992=AXIS2_PLACEMENT_3D('',#1734,#1124,#1125);
#993=AXIS2_PLACEMENT_3D('',#1737,#1128,#1129);
#994=AXIS2_PLACEMENT_3D('',#1846,#1130,#1131);
#995=AXIS2_PLACEMENT_3D('',#1847,#1132,#1133);
#996=AXIS2_PLACEMENT_3D('',#1923,#1134,#1135);
#997=AXIS2_PLACEMENT_3D('',#1924,#1136,#1137);
#998=AXIS2_PLACEMENT_3D('',#1927,#1139,#1140);
#999=AXIS2_PLACEMENT_3D('',#1928,#1141,#1142);
#1000=AXIS2_PLACEMENT_3D('',#1930,#1143,#1144);
#1001=AXIS2_PLACEMENT_3D('',#1932,#1145,#1146);
#1002=AXIS2_PLACEMENT_3D('',#1933,#1147,#1148);
#1003=AXIS2_PLACEMENT_3D('',#1936,#1149,#1150);
#1004=AXIS2_PLACEMENT_3D('',#1937,#1151,#1152);
#1005=AXIS2_PLACEMENT_3D('',#1938,#1153,#1154);
#1006=AXIS2_PLACEMENT_3D('',#1939,#1155,#1156);
#1007=AXIS2_PLACEMENT_3D('',#1941,#1157,#1158);
#1008=AXIS2_PLACEMENT_3D('',#1943,#1159,#1160);
#1009=AXIS2_PLACEMENT_3D('',#1944,#1161,#1162);
#1010=AXIS2_PLACEMENT_3D('',#1945,#1163,#1164);
#1011=AXIS2_PLACEMENT_3D('',#1948,#1165,#1166);
#1012=AXIS2_PLACEMENT_3D('',#1950,#1168,#1169);
#1013=AXIS2_PLACEMENT_3D('',#1963,#1171,#1172);
#1014=AXIS2_PLACEMENT_3D('',#1966,#1173,#1174);
#1015=AXIS2_PLACEMENT_3D('',#1967,#1175,#1176);
#1016=AXIS2_PLACEMENT_3D('',#1968,#1177,#1178);
#1017=AXIS2_PLACEMENT_3D('',#1969,#1179,#1180);
#1018=AXIS2_PLACEMENT_3D('',#1973,#1182,#1183);
#1019=AXIS2_PLACEMENT_3D('',#1974,#1184,#1185);
#1020=AXIS2_PLACEMENT_3D('',#1975,#1186,#1187);
#1021=AXIS2_PLACEMENT_3D('',#1978,#1188,#1189);
#1022=AXIS2_PLACEMENT_3D('',#1979,#1190,#1191);
#1023=AXIS2_PLACEMENT_3D('',#1980,#1192,#1193);
#1024=AXIS2_PLACEMENT_3D('',#1981,#1194,#1195);
#1025=AXIS2_PLACEMENT_3D('',#1984,#1197,#1198);
#1026=AXIS2_PLACEMENT_3D('',#2068,#1200,#1201);
#1027=AXIS2_PLACEMENT_3D('',#2083,#1202,#1203);
#1028=AXIS2_PLACEMENT_3D('',#2084,#1204,#1205);
#1029=AXIS2_PLACEMENT_3D('',#2158,#1207,#1208);
#1030=AXIS2_PLACEMENT_3D('',#2161,#1209,#1210);
#1031=AXIS2_PLACEMENT_3D('',#2162,#1211,#1212);
#1032=AXIS2_PLACEMENT_3D('',#2163,#1213,#1214);
#1033=AXIS2_PLACEMENT_3D('',#2164,#1215,#1216);
#1034=AXIS2_PLACEMENT_3D('',#2166,#1217,#1218);
#1035=AXIS2_PLACEMENT_3D('',#2168,#1219,#1220);
#1036=AXIS2_PLACEMENT_3D('',#2169,#1221,#1222);
#1037=AXIS2_PLACEMENT_3D('',#2217,#1223,#1224);
#1038=AXIS2_PLACEMENT_3D('',#2220,#1225,#1226);
#1039=AXIS2_PLACEMENT_3D('',#2222,#1228,#1229);
#1040=AXIS2_PLACEMENT_3D('',#2223,#1230,#1231);
#1041=AXIS2_PLACEMENT_3D('',#2224,#1232,#1233);
#1042=AXIS2_PLACEMENT_3D('',#2225,#1234,#1235);
#1043=AXIS2_PLACEMENT_3D('',#2226,#1236,#1237);
#1044=AXIS2_PLACEMENT_3D('',#2228,#1238,#1239);
#1045=AXIS2_PLACEMENT_3D('',#2229,#1240,#1241);
#1046=AXIS2_PLACEMENT_3D('',#2231,#1242,#1243);
#1047=AXIS2_PLACEMENT_3D('',#2233,#1244,#1245);
#1048=AXIS2_PLACEMENT_3D('',#2234,#1246,#1247);
#1049=AXIS2_PLACEMENT_3D('',#2235,#1248,#1249);
#1050=AXIS2_PLACEMENT_3D('',#2238,#1250,#1251);
#1051=AXIS2_PLACEMENT_3D('',#2239,#1252,#1253);
#1052=AXIS2_PLACEMENT_3D('',#2241,#1255,#1256);
#1053=AXIS2_PLACEMENT_3D('',#2243,#1257,#1258);
#1054=AXIS2_PLACEMENT_3D('',#2244,#1259,#1260);
#1055=AXIS2_PLACEMENT_3D('',#2245,#1261,#1262);
#1056=AXIS2_PLACEMENT_3D('',#2247,#1263,#1264);
#1057=AXIS2_PLACEMENT_3D('',#2248,#1265,#1266);
#1058=AXIS2_PLACEMENT_3D('',#2250,#1267,#1268);
#1059=AXIS2_PLACEMENT_3D('',#2252,#1269,#1270);
#1060=AXIS2_PLACEMENT_3D('',#2253,#1271,#1272);
#1061=AXIS2_PLACEMENT_3D('',#2254,#1273,#1274);
#1062=DIRECTION('axis',(0.,0.,1.));
#1063=DIRECTION('refdir',(1.,0.,0.));
#1064=DIRECTION('center_axis',(1.,0.,0.));
#1065=DIRECTION('ref_axis',(0.,1.,0.));
#1066=DIRECTION('center_axis',(-1.,0.,0.));
#1067=DIRECTION('ref_axis',(0.,1.,0.));
#1068=DIRECTION('center_axis',(-1.,0.,0.));
#1069=DIRECTION('ref_axis',(0.,1.,0.));
#1070=DIRECTION('center_axis',(0.,-1.22464679914735E-16,-1.));
#1071=DIRECTION('ref_axis',(0.,-1.,1.22464679914735E-16));
#1072=DIRECTION('center_axis',(-1.,0.,0.));
#1073=DIRECTION('ref_axis',(0.,-1.,0.));
#1074=DIRECTION('center_axis',(-1.,0.,0.));
#1075=DIRECTION('ref_axis',(0.,-1.,0.));
#1076=DIRECTION('center_axis',(1.,0.,0.));
#1077=DIRECTION('ref_axis',(0.,-1.,0.));
#1078=DIRECTION('center_axis',(-1.,0.,0.));
#1079=DIRECTION('ref_axis',(0.,-1.,0.));
#1080=DIRECTION('',(-0.99869272988163,-0.0511158613502367,-6.25988759882273E-18));
#1081=DIRECTION('center_axis',(-1.,0.,0.));
#1082=DIRECTION('ref_axis',(0.,-1.,0.));
#1083=DIRECTION('',(1.,0.,0.));
#1084=DIRECTION('center_axis',(1.,0.,0.));
#1085=DIRECTION('ref_axis',(0.,-1.22464679914735E-16,-1.));
#1086=DIRECTION('center_axis',(-1.,0.,0.));
#1087=DIRECTION('ref_axis',(0.,0.,1.));
#1088=DIRECTION('center_axis',(1.,0.,0.));
#1089=DIRECTION('ref_axis',(0.,-1.22464679914735E-16,-1.));
#1090=DIRECTION('',(1.,0.,0.));
#1091=DIRECTION('',(1.,0.,0.));
#1092=DIRECTION('',(1.,0.,0.));
#1093=DIRECTION('',(1.,0.,0.));
#1094=DIRECTION('',(1.,0.,0.));
#1095=DIRECTION('',(1.,0.,0.));
#1096=DIRECTION('',(1.,0.,0.));
#1097=DIRECTION('',(1.,0.,0.));
#1098=DIRECTION('',(1.,0.,0.));
#1099=DIRECTION('',(1.,0.,0.));
#1100=DIRECTION('center_axis',(0.,-0.10216518377135,0.994767447811279));
#1101=DIRECTION('ref_axis',(0.,-0.994767447811279,-0.10216518377135));
#1102=DIRECTION('',(0.,-0.994767447811279,-0.10216518377135));
#1103=DIRECTION('',(1.,0.,0.));
#1104=DIRECTION('',(0.,-0.994767447811279,-0.10216518377135));
#1105=DIRECTION('',(1.,0.,0.));
#1106=DIRECTION('',(1.,0.,0.));
#1107=DIRECTION('',(1.,0.,0.));
#1108=DIRECTION('',(1.,0.,0.));
#1109=DIRECTION('',(1.,0.,0.));
#1110=DIRECTION('',(1.,0.,0.));
#1111=DIRECTION('',(1.,0.,0.));
#1112=DIRECTION('',(1.,0.,0.));
#1113=DIRECTION('',(1.,0.,0.));
#1114=DIRECTION('center_axis',(0.,0.,1.));
#1115=DIRECTION('ref_axis',(0.,-1.,0.));
#1116=DIRECTION('',(0.,-1.,0.));
#1117=DIRECTION('',(1.,0.,0.));
#1118=DIRECTION('',(0.,-1.,0.));
#1119=DIRECTION('center_axis',(0.,1.,0.));
#1120=DIRECTION('ref_axis',(0.,0.,1.));
#1121=DIRECTION('',(0.,0.,1.));
#1122=DIRECTION('',(1.,0.,0.));
#1123=DIRECTION('',(0.,0.,1.));
#1124=DIRECTION('center_axis',(0.,0.,-1.));
#1125=DIRECTION('ref_axis',(0.,1.,0.));
#1126=DIRECTION('',(0.,1.,0.));
#1127=DIRECTION('',(0.,1.,0.));
#1128=DIRECTION('center_axis',(-1.,0.,0.));
#1129=DIRECTION('ref_axis',(0.,-1.,0.));
#1130=DIRECTION('center_axis',(1.,0.,0.));
#1131=DIRECTION('ref_axis',(0.,4.56490427722963E-17,-1.));
#1132=DIRECTION('center_axis',(1.,0.,0.));
#1133=DIRECTION('ref_axis',(0.,4.56490427722963E-17,-1.));
#1134=DIRECTION('center_axis',(1.,0.,0.));
#1135=DIRECTION('ref_axis',(0.,0.,1.));
#1136=DIRECTION('center_axis',(-1.,0.,0.));
#1137=DIRECTION('ref_axis',(0.,-1.,0.));
#1138=DIRECTION('',(1.,0.,0.));
#1139=DIRECTION('center_axis',(1.,0.,0.));
#1140=DIRECTION('ref_axis',(0.,-1.,0.));
#1141=DIRECTION('center_axis',(-1.,0.,0.));
#1142=DIRECTION('ref_axis',(0.,-1.,0.));
#1143=DIRECTION('center_axis',(1.,0.,0.));
#1144=DIRECTION('ref_axis',(0.,-6.12323399573677E-17,1.));
#1145=DIRECTION('center_axis',(1.,0.,0.));
#1146=DIRECTION('ref_axis',(0.,1.,0.));
#1147=DIRECTION('center_axis',(-1.,0.,0.));
#1148=DIRECTION('ref_axis',(0.,0.,1.));
#1149=DIRECTION('center_axis',(1.,0.,0.));
#1150=DIRECTION('ref_axis',(0.,-1.,-1.36166878188873E-16));
#1151=DIRECTION('center_axis',(1.,0.,0.));
#1152=DIRECTION('ref_axis',(0.,-1.,-1.36166878188873E-16));
#1153=DIRECTION('center_axis',(0.,-1.,1.22464679914735E-16));
#1154=DIRECTION('ref_axis',(0.,-1.22464679914735E-16,-1.));
#1155=DIRECTION('center_axis',(-1.,0.,0.));
#1156=DIRECTION('ref_axis',(0.,0.,-1.));
#1157=DIRECTION('center_axis',(0.,1.,-1.22464679914735E-16));
#1158=DIRECTION('ref_axis',(0.,1.22464679914735E-16,1.));
#1159=DIRECTION('center_axis',(1.,0.,0.));
#1160=DIRECTION('ref_axis',(0.,0.,-1.));
#1161=DIRECTION('center_axis',(1.,0.,0.));
#1162=DIRECTION('ref_axis',(0.,0.,-1.));
#1163=DIRECTION('center_axis',(-1.,0.,0.));
#1164=DIRECTION('ref_axis',(0.,1.,0.));
#1165=DIRECTION('center_axis',(1.,0.,0.));
#1166=DIRECTION('ref_axis',(0.,-1.,2.52941002000193E-16));
#1167=DIRECTION('',(-1.,0.,0.));
#1168=DIRECTION('center_axis',(1.,0.,0.));
#1169=DIRECTION('ref_axis',(0.,-1.,2.52941002000193E-16));
#1170=DIRECTION('',(-1.,0.,0.));
#1171=DIRECTION('center_axis',(1.,0.,0.));
#1172=DIRECTION('ref_axis',(0.,0.,-1.));
#1173=DIRECTION('center_axis',(-1.,0.,0.));
#1174=DIRECTION('ref_axis',(0.,-6.12323399573677E-17,1.));
#1175=DIRECTION('center_axis',(0.,-1.,-1.22464679914735E-16));
#1176=DIRECTION('ref_axis',(0.,-1.22464679914735E-16,1.));
#1177=DIRECTION('center_axis',(-1.,0.,0.));
#1178=DIRECTION('ref_axis',(0.,-6.12323399573677E-17,1.));
#1179=DIRECTION('center_axis',(1.,0.,0.));
#1180=DIRECTION('ref_axis',(0.,-1.,0.));
#1181=DIRECTION('',(1.,0.,0.));
#1182=DIRECTION('center_axis',(1.,0.,0.));
#1183=DIRECTION('ref_axis',(0.,0.,-1.));
#1184=DIRECTION('center_axis',(1.,0.,0.));
#1185=DIRECTION('ref_axis',(0.,0.,-1.));
#1186=DIRECTION('center_axis',(-1.,0.,0.));
#1187=DIRECTION('ref_axis',(0.,0.,1.));
#1188=DIRECTION('center_axis',(1.,0.,0.));
#1189=DIRECTION('ref_axis',(0.,0.,-1.));
#1190=DIRECTION('center_axis',(0.,-1.,1.22464679914735E-16));
#1191=DIRECTION('ref_axis',(0.,-1.22464679914735E-16,-1.));
#1192=DIRECTION('center_axis',(1.,0.,0.));
#1193=DIRECTION('ref_axis',(0.,0.,-1.));
#1194=DIRECTION('center_axis',(1.,0.,0.));
#1195=DIRECTION('ref_axis',(0.,-1.,0.));
#1196=DIRECTION('',(-1.,0.,0.));
#1197=DIRECTION('center_axis',(1.,0.,0.));
#1198=DIRECTION('ref_axis',(0.,-1.,0.));
#1199=DIRECTION('',(1.,0.,0.));
#1200=DIRECTION('center_axis',(0.,0.0350732638263279,-0.999384743812196));
#1201=DIRECTION('ref_axis',(0.,-0.999384743812196,-0.0350732638263279));
#1202=DIRECTION('center_axis',(-1.,0.,0.));
#1203=DIRECTION('ref_axis',(0.,-0.999384743812196,-0.0350732638263279));
#1204=DIRECTION('center_axis',(-1.,0.,0.));
#1205=DIRECTION('ref_axis',(0.,0.,-1.));
#1206=DIRECTION('',(0.,0.,1.));
#1207=DIRECTION('center_axis',(-1.,0.,0.));
#1208=DIRECTION('ref_axis',(0.,0.,1.));
#1209=DIRECTION('center_axis',(-1.,0.,0.));
#1210=DIRECTION('ref_axis',(0.,-8.88178419700125E-16,-1.));
#1211=DIRECTION('center_axis',(0.,-1.,1.22464679914735E-16));
#1212=DIRECTION('ref_axis',(0.,-1.22464679914735E-16,-1.));
#1213=DIRECTION('center_axis',(-1.,0.,0.));
#1214=DIRECTION('ref_axis',(0.,-8.88178419700125E-16,-1.));
#1215=DIRECTION('center_axis',(-1.,0.,0.));
#1216=DIRECTION('ref_axis',(0.,-8.88178419700125E-16,-1.));
#1217=DIRECTION('center_axis',(0.,1.,-1.01064309961486E-15));
#1218=DIRECTION('ref_axis',(0.,1.01064309961486E-15,1.));
#1219=DIRECTION('center_axis',(1.,0.,0.));
#1220=DIRECTION('ref_axis',(0.,-1.,1.1813396729359E-16));
#1221=DIRECTION('center_axis',(1.,0.,0.));
#1222=DIRECTION('ref_axis',(0.,-1.,1.1813396729359E-16));
#1223=DIRECTION('center_axis',(-1.,0.,0.));
#1224=DIRECTION('ref_axis',(0.,-1.,0.));
#1225=DIRECTION('center_axis',(-1.,0.,0.));
#1226=DIRECTION('ref_axis',(0.,-6.12323399573677E-17,-1.));
#1227=DIRECTION('',(1.,0.,0.));
#1228=DIRECTION('center_axis',(-1.,0.,0.));
#1229=DIRECTION('ref_axis',(0.,-6.12323399573677E-17,-1.));
#1230=DIRECTION('center_axis',(1.,0.,0.));
#1231=DIRECTION('ref_axis',(0.,-6.12323399573677E-17,-1.));
#1232=DIRECTION('center_axis',(0.,-1.,1.83697019872103E-16));
#1233=DIRECTION('ref_axis',(0.,1.83697019872103E-16,1.));
#1234=DIRECTION('center_axis',(0.,1.,0.));
#1235=DIRECTION('ref_axis',(0.,0.,1.));
#1236=DIRECTION('center_axis',(1.,0.,0.));
#1237=DIRECTION('ref_axis',(0.,1.,0.));
#1238=DIRECTION('center_axis',(1.,0.,0.));
#1239=DIRECTION('ref_axis',(0.,6.12323399573677E-17,1.));
#1240=DIRECTION('center_axis',(-1.,0.,0.));
#1241=DIRECTION('ref_axis',(0.,0.,1.));
#1242=DIRECTION('center_axis',(0.,-1.,1.22464679914735E-16));
#1243=DIRECTION('ref_axis',(0.,-1.22464679914735E-16,-1.));
#1244=DIRECTION('center_axis',(1.,1.09273919746571E-17,-1.09273919746571E-17));
#1245=DIRECTION('ref_axis',(1.09273919746571E-17,-1.,0.));
#1246=DIRECTION('center_axis',(1.,1.09273919746571E-17,-1.09273919746571E-17));
#1247=DIRECTION('ref_axis',(1.09273919746571E-17,-1.,0.));
#1248=DIRECTION('center_axis',(1.,0.,0.));
#1249=DIRECTION('ref_axis',(0.,1.,0.));
#1250=DIRECTION('center_axis',(1.,1.09273919746571E-17,-1.09273919746571E-17));
#1251=DIRECTION('ref_axis',(2.18547839493141E-17,-1.,0.));
#1252=DIRECTION('center_axis',(1.,1.09273919746571E-17,-1.09273919746571E-17));
#1253=DIRECTION('ref_axis',(2.18547839493141E-17,-1.,0.));
#1254=DIRECTION('',(-1.,0.,0.));
#1255=DIRECTION('center_axis',(-1.,0.,0.));
#1256=DIRECTION('ref_axis',(0.,0.,1.));
#1257=DIRECTION('center_axis',(0.,-1.,1.22464679914735E-16));
#1258=DIRECTION('ref_axis',(0.,-1.22464679914735E-16,-1.));
#1259=DIRECTION('center_axis',(1.,1.18775999724533E-17,-1.18775999724533E-17));
#1260=DIRECTION('ref_axis',(2.37551999449066E-17,-1.,1.90041599559253E-16));
#1261=DIRECTION('center_axis',(1.,0.,0.));
#1262=DIRECTION('ref_axis',(0.,1.,0.));
#1263=DIRECTION('center_axis',(1.,2.32497701588448E-17,-2.32497701588448E-17));
#1264=DIRECTION('ref_axis',(0.,-1.,-1.85998161270758E-16));
#1265=DIRECTION('center_axis',(-1.,0.,0.));
#1266=DIRECTION('ref_axis',(0.,0.,1.));
#1267=DIRECTION('center_axis',(0.,-1.,1.22464679914735E-16));
#1268=DIRECTION('ref_axis',(0.,-1.22464679914735E-16,-1.));
#1269=DIRECTION('center_axis',(1.,2.95334918233974E-17,-2.95334918233974E-17));
#1270=DIRECTION('ref_axis',(2.95334918233974E-17,-1.,1.1813396729359E-16));
#1271=DIRECTION('center_axis',(1.,2.95334918233974E-17,-2.95334918233974E-17));
#1272=DIRECTION('ref_axis',(2.95334918233974E-17,-1.,1.1813396729359E-16));
#1273=DIRECTION('center_axis',(-1.,0.,0.));
#1274=DIRECTION('ref_axis',(0.,1.,0.));
#1275=DIRECTION('',(-1.,0.,0.));
#1276=CARTESIAN_POINT('',(0.,0.,0.));
#1277=CARTESIAN_POINT('Origin',(-0.404466651788108,0.,0.));
#1278=CARTESIAN_POINT('',(-0.408300341389376,-0.250106352881347,3.06291944502561E-17));
#1279=CARTESIAN_POINT('',(-0.408300341389376,0.250106352881347,3.0629194450256E-17));
#1280=CARTESIAN_POINT('Origin',(-0.408300341389376,0.,0.));
#1281=CARTESIAN_POINT('Origin',(-0.408300341389376,0.,0.));
#1282=CARTESIAN_POINT('',(-0.41,-0.25,3.06161699786838E-17));
#1283=CARTESIAN_POINT('Origin',(-0.404466651788108,-0.175204398140225,2.14563505378965E-17));
#1284=CARTESIAN_POINT('',(-0.41,0.25,-3.06161699786838E-17));
#1285=CARTESIAN_POINT('Origin',(-0.41,0.,0.));
#1286=CARTESIAN_POINT('Origin',(-0.41,0.,0.));
#1287=CARTESIAN_POINT('Origin',(-0.3125,0.,0.));
#1288=CARTESIAN_POINT('',(-0.215,0.26,-3.18408167778312E-17));
#1289=CARTESIAN_POINT('Origin',(-0.215,0.,0.));
#1290=CARTESIAN_POINT('',(-0.3125,0.255009679821902,3.12296788145484E-17));
#1291=CARTESIAN_POINT('Origin',(-0.01,0.,0.));
#1292=CARTESIAN_POINT('',(-0.211,0.26,-3.18408167778312E-17));
#1293=CARTESIAN_POINT('',(-0.01,0.26,-3.18408167778312E-17));
#1294=CARTESIAN_POINT('',(-0.211,-3.18408167778312E-17,-0.26));
#1295=CARTESIAN_POINT('Origin',(-0.211,0.,2.48963349470459E-17));
#1296=CARTESIAN_POINT('',(-0.211,0.,0.26));
#1297=CARTESIAN_POINT('Origin',(-0.211,0.,0.));
#1298=CARTESIAN_POINT('Origin',(-0.211,0.,2.48963349470459E-17));
#1299=CARTESIAN_POINT('Ctrl Pts',(-0.01,-0.387427151565285,0.0215935031571514));
#1300=CARTESIAN_POINT('Ctrl Pts',(-1.36592399683213E-18,-0.387427151565285,
0.0215935031571514));
#1301=CARTESIAN_POINT('Ctrl Pts',(-0.01,-0.389103861014124,0.0234317196537219));
#1302=CARTESIAN_POINT('Ctrl Pts',(-1.36592399683213E-18,-0.389103861014124,
0.0234317196537219));
#1303=CARTESIAN_POINT('Ctrl Pts',(-0.01,-0.392334247063984,0.026973268805996));
#1304=CARTESIAN_POINT('Ctrl Pts',(-1.36592399683213E-18,-0.392334247063984,
0.026973268805996));
#1305=CARTESIAN_POINT('Ctrl Pts',(-0.01,-0.3949717327172,0.0309750786037776));
#1306=CARTESIAN_POINT('Ctrl Pts',(-1.36592399683213E-18,-0.3949717327172,
0.0309750786037776));
#1307=CARTESIAN_POINT('Ctrl Pts',(-0.01,-0.396240249755622,0.0328997768127799));
#1308=CARTESIAN_POINT('Ctrl Pts',(-1.36592399683213E-18,-0.396240249755622,
0.0328997768127799));
#1309=CARTESIAN_POINT('',(-0.01,-0.387427151565285,0.0215935031571514));
#1310=CARTESIAN_POINT('',(-0.01,-0.396240249755622,0.0328997768127799));
#1311=CARTESIAN_POINT('Ctrl Pts',(-0.01,-0.387427151565285,0.0215935031571514));
#1312=CARTESIAN_POINT('Ctrl Pts',(-0.01,-0.389103861014124,0.0234317196537219));
#1313=CARTESIAN_POINT('Ctrl Pts',(-0.01,-0.392334247063984,0.026973268805996));
#1314=CARTESIAN_POINT('Ctrl Pts',(-0.01,-0.3949717327172,0.0309750786037776));
#1315=CARTESIAN_POINT('Ctrl Pts',(-0.01,-0.396240249755622,0.0328997768127799));
#1316=CARTESIAN_POINT('',(-1.36592399683213E-18,-0.387427151565285,0.0215935031571514));
#1317=CARTESIAN_POINT('',(-0.01,-0.387427151565285,0.0215935031571514));
#1318=CARTESIAN_POINT('',(-1.36592399683213E-18,-0.396240249755622,0.0328997768127799));
#1319=CARTESIAN_POINT('Ctrl Pts',(-1.36592399683213E-18,-0.387427151565285,
0.0215935031571514));
#1320=CARTESIAN_POINT('Ctrl Pts',(-1.36592399683213E-18,-0.389103861014124,
0.0234317196537219));
#1321=CARTESIAN_POINT('Ctrl Pts',(-1.36592399683213E-18,-0.392334247063984,
0.026973268805996));
#1322=CARTESIAN_POINT('Ctrl Pts',(-1.36592399683213E-18,-0.3949717327172,
0.0309750786037776));
#1323=CARTESIAN_POINT('Ctrl Pts',(-1.36592399683213E-18,-0.396240249755622,
0.0328997768127799));
#1324=CARTESIAN_POINT('',(-0.01,-0.396240249755622,0.0328997768127799));
#1325=CARTESIAN_POINT('Ctrl Pts',(-0.01,-0.363307093668919,0.000198556713398376));
#1326=CARTESIAN_POINT('Ctrl Pts',(-1.36592399683213E-18,-0.363307093668919,
0.000198556713398376));
#1327=CARTESIAN_POINT('Ctrl Pts',(-0.01,-0.368511399936501,0.00453936259829462));
#1328=CARTESIAN_POINT('Ctrl Pts',(-1.36592399683213E-18,-0.368511399936501,
0.00453936259829462));
#1329=CARTESIAN_POINT('Ctrl Pts',(-0.01,-0.376769871496974,0.011427585563429));
#1330=CARTESIAN_POINT('Ctrl Pts',(-1.36592399683213E-18,-0.376769871496974,
0.011427585563429));
#1331=CARTESIAN_POINT('Ctrl Pts',(-0.01,-0.384549918315145,0.0188489270616228));
#1332=CARTESIAN_POINT('Ctrl Pts',(-1.36592399683213E-18,-0.384549918315145,
0.0188489270616228));
#1333=CARTESIAN_POINT('Ctrl Pts',(-0.01,-0.387427151565285,0.0215935031571514));
#1334=CARTESIAN_POINT('Ctrl Pts',(-1.36592399683213E-18,-0.387427151565285,
0.0215935031571514));
#1335=CARTESIAN_POINT('',(-0.01,-0.363307093668919,0.000198556713398376));
#1336=CARTESIAN_POINT('Ctrl Pts',(-0.01,-0.363307093668919,0.000198556713398376));
#1337=CARTESIAN_POINT('Ctrl Pts',(-0.01,-0.368511399936501,0.00453936259829462));
#1338=CARTESIAN_POINT('Ctrl Pts',(-0.01,-0.376769871496974,0.011427585563429));
#1339=CARTESIAN_POINT('Ctrl Pts',(-0.01,-0.384549918315145,0.0188489270616228));
#1340=CARTESIAN_POINT('Ctrl Pts',(-0.01,-0.387427151565285,0.0215935031571514));
#1341=CARTESIAN_POINT('',(-1.36592399683213E-18,-0.363307093668919,0.000198556713398376));
#1342=CARTESIAN_POINT('',(-0.01,-0.363307093668919,0.000198556713398376));
#1343=CARTESIAN_POINT('Ctrl Pts',(-1.36592399683213E-18,-0.363307093668919,
0.000198556713398376));
#1344=CARTESIAN_POINT('Ctrl Pts',(-1.36592399683213E-18,-0.368511399936501,
0.00453936259829462));
#1345=CARTESIAN_POINT('Ctrl Pts',(-1.36592399683213E-18,-0.376769871496974,
0.011427585563429));
#1346=CARTESIAN_POINT('Ctrl Pts',(-1.36592399683213E-18,-0.384549918315145,
0.0188489270616228));
#1347=CARTESIAN_POINT('Ctrl Pts',(-1.36592399683213E-18,-0.387427151565285,
0.0215935031571514));
#1348=CARTESIAN_POINT('Ctrl Pts',(-0.01,-0.331127695808069,-0.0297195958028841));
#1349=CARTESIAN_POINT('Ctrl Pts',(-1.36592399683213E-18,-0.331127695808069,
-0.0297195958028841));
#1350=CARTESIAN_POINT('Ctrl Pts',(-0.01,-0.335366771725709,-0.0253497497072769));
#1351=CARTESIAN_POINT('Ctrl Pts',(-1.36592399683213E-18,-0.335366771725709,
-0.0253497497072769));
#1352=CARTESIAN_POINT('Ctrl Pts',(-0.01,-0.345575405569141,-0.0148261923072882));
#1353=CARTESIAN_POINT('Ctrl Pts',(-1.36592399683213E-18,-0.345575405569141,
-0.0148261923072882));
#1354=CARTESIAN_POINT('Ctrl Pts',(-0.01,-0.356764314306206,-0.00534539472931393));
#1355=CARTESIAN_POINT('Ctrl Pts',(-1.36592399683213E-18,-0.356764314306206,
-0.00534539472931393));
#1356=CARTESIAN_POINT('Ctrl Pts',(-0.01,-0.363307093668919,0.000198556713398376));
#1357=CARTESIAN_POINT('Ctrl Pts',(-1.36592399683213E-18,-0.363307093668919,
0.000198556713398376));
#1358=CARTESIAN_POINT('',(-0.01,-0.331127695808069,-0.0297195958028841));
#1359=CARTESIAN_POINT('Ctrl Pts',(-0.01,-0.331127695808069,-0.0297195958028841));
#1360=CARTESIAN_POINT('Ctrl Pts',(-0.01,-0.335366771725709,-0.0253497497072769));
#1361=CARTESIAN_POINT('Ctrl Pts',(-0.01,-0.345575405569141,-0.0148261923072882));
#1362=CARTESIAN_POINT('Ctrl Pts',(-0.01,-0.356764314306206,-0.00534539472931393));
#1363=CARTESIAN_POINT('Ctrl Pts',(-0.01,-0.363307093668919,0.000198556713398376));
#1364=CARTESIAN_POINT('',(-1.36592399683213E-18,-0.331127695808069,-0.0297195958028841));
#1365=CARTESIAN_POINT('',(-0.01,-0.331127695808069,-0.0297195958028841));
#1366=CARTESIAN_POINT('Ctrl Pts',(-1.36592399683213E-18,-0.331127695808069,
-0.0297195958028841));
#1367=CARTESIAN_POINT('Ctrl Pts',(-1.36592399683213E-18,-0.335366771725709,
-0.0253497497072769));
#1368=CARTESIAN_POINT('Ctrl Pts',(-1.36592399683213E-18,-0.345575405569141,
-0.0148261923072882));
#1369=CARTESIAN_POINT('Ctrl Pts',(-1.36592399683213E-18,-0.356764314306206,
-0.00534539472931393));
#1370=CARTESIAN_POINT('Ctrl Pts',(-1.36592399683213E-18,-0.363307093668919,
0.000198556713398376));
#1371=CARTESIAN_POINT('Ctrl Pts',(-0.01,-0.317270261223669,-0.0504767608143426));
#1372=CARTESIAN_POINT('Ctrl Pts',(-1.36592399683213E-18,-0.317270261223669,
-0.0504767608143426));
#1373=CARTESIAN_POINT('Ctrl Pts',(-0.01,-0.319001749387362,-0.0470257929312133));
#1374=CARTESIAN_POINT('Ctrl Pts',(-1.36592399683213E-18,-0.319001749387362,
-0.0470257929312133));
#1375=CARTESIAN_POINT('Ctrl Pts',(-0.01,-0.322758316535638,-0.0395387116728179));
#1376=CARTESIAN_POINT('Ctrl Pts',(-1.36592399683213E-18,-0.322758316535638,
-0.0395387116728179));
#1377=CARTESIAN_POINT('Ctrl Pts',(-0.01,-0.328196237588535,-0.0331588386652894));
#1378=CARTESIAN_POINT('Ctrl Pts',(-1.36592399683213E-18,-0.328196237588535,
-0.0331588386652894));
#1379=CARTESIAN_POINT('Ctrl Pts',(-0.01,-0.331127695808069,-0.0297195958028841));
#1380=CARTESIAN_POINT('Ctrl Pts',(-1.36592399683213E-18,-0.331127695808069,
-0.0297195958028841));
#1381=CARTESIAN_POINT('',(-0.01,-0.317270261223669,-0.0504767608143426));
#1382=CARTESIAN_POINT('Ctrl Pts',(-0.01,-0.317270261223669,-0.0504767608143426));
#1383=CARTESIAN_POINT('Ctrl Pts',(-0.01,-0.319001749387362,-0.0470257929312133));
#1384=CARTESIAN_POINT('Ctrl Pts',(-0.01,-0.322758316535638,-0.0395387116728179));
#1385=CARTESIAN_POINT('Ctrl Pts',(-0.01,-0.328196237588535,-0.0331588386652894));
#1386=CARTESIAN_POINT('Ctrl Pts',(-0.01,-0.331127695808069,-0.0297195958028841));
#1387=CARTESIAN_POINT('',(-1.36592399683213E-18,-0.317270261223669,-0.0504767608143426));
#1388=CARTESIAN_POINT('',(-0.01,-0.317270261223669,-0.0504767608143426));
#1389=CARTESIAN_POINT('Ctrl Pts',(-1.36592399683213E-18,-0.317270261223669,
-0.0504767608143426));
#1390=CARTESIAN_POINT('Ctrl Pts',(-1.36592399683213E-18,-0.319001749387362,
-0.0470257929312133));
#1391=CARTESIAN_POINT('Ctrl Pts',(-1.36592399683213E-18,-0.322758316535638,
-0.0395387116728179));
#1392=CARTESIAN_POINT('Ctrl Pts',(-1.36592399683213E-18,-0.328196237588535,
-0.0331588386652894));
#1393=CARTESIAN_POINT('Ctrl Pts',(-1.36592399683213E-18,-0.331127695808069,
-0.0297195958028841));
#1394=CARTESIAN_POINT('Ctrl Pts',(-0.01,-0.313095636382624,-0.0705381471968285));
#1395=CARTESIAN_POINT('Ctrl Pts',(-1.36592399683213E-18,-0.313095636382624,
-0.0705381471968285));
#1396=CARTESIAN_POINT('Ctrl Pts',(-0.01,-0.313277991202858,-0.0671313620998475));
#1397=CARTESIAN_POINT('Ctrl Pts',(-1.36592399683213E-18,-0.313277991202858,
-0.0671313620998475));
#1398=CARTESIAN_POINT('Ctrl Pts',(-0.01,-0.313647248274798,-0.0602328359845228));
#1399=CARTESIAN_POINT('Ctrl Pts',(-1.36592399683213E-18,-0.313647248274798,
-0.0602328359845228));
#1400=CARTESIAN_POINT('Ctrl Pts',(-0.01,-0.316052715730293,-0.053755376023318));
#1401=CARTESIAN_POINT('Ctrl Pts',(-1.36592399683213E-18,-0.316052715730293,
-0.053755376023318));
#1402=CARTESIAN_POINT('Ctrl Pts',(-0.01,-0.317270261223669,-0.0504767608143426));
#1403=CARTESIAN_POINT('Ctrl Pts',(-1.36592399683213E-18,-0.317270261223669,
-0.0504767608143426));
#1404=CARTESIAN_POINT('',(-0.01,-0.313095636382624,-0.0705381471968285));
#1405=CARTESIAN_POINT('Ctrl Pts',(-0.01,-0.313095636382624,-0.0705381471968285));
#1406=CARTESIAN_POINT('Ctrl Pts',(-0.01,-0.313277991202858,-0.0671313620998475));
#1407=CARTESIAN_POINT('Ctrl Pts',(-0.01,-0.313647248274798,-0.0602328359845228));
#1408=CARTESIAN_POINT('Ctrl Pts',(-0.01,-0.316052715730293,-0.053755376023318));
#1409=CARTESIAN_POINT('Ctrl Pts',(-0.01,-0.317270261223669,-0.0504767608143426));
#1410=CARTESIAN_POINT('',(-1.36592399683213E-18,-0.313095636382624,-0.0705381471968285));
#1411=CARTESIAN_POINT('',(-0.01,-0.313095636382624,-0.0705381471968285));
#1412=CARTESIAN_POINT('Ctrl Pts',(-1.36592399683213E-18,-0.313095636382624,
-0.0705381471968285));
#1413=CARTESIAN_POINT('Ctrl Pts',(-1.36592399683213E-18,-0.313277991202858,
-0.0671313620998475));
#1414=CARTESIAN_POINT('Ctrl Pts',(-1.36592399683213E-18,-0.313647248274798,
-0.0602328359845228));
#1415=CARTESIAN_POINT('Ctrl Pts',(-1.36592399683213E-18,-0.316052715730293,
-0.053755376023318));
#1416=CARTESIAN_POINT('Ctrl Pts',(-1.36592399683213E-18,-0.317270261223669,
-0.0504767608143426));
#1417=CARTESIAN_POINT('Ctrl Pts',(-0.01,-0.327358934011793,-0.104167076045906));
#1418=CARTESIAN_POINT('Ctrl Pts',(-1.36592399683213E-18,-0.327358934011793,
-0.104167076045906));
#1419=CARTESIAN_POINT('Ctrl Pts',(-0.01,-0.323198839402093,-0.09935626678371));
#1420=CARTESIAN_POINT('Ctrl Pts',(-1.36592399683213E-18,-0.323198839402093,
-0.09935626678371));
#1421=CARTESIAN_POINT('Ctrl Pts',(-0.01,-0.314833880696162,-0.089682876008761));
#1422=CARTESIAN_POINT('Ctrl Pts',(-1.36592399683213E-18,-0.314833880696162,
-0.089682876008761));
#1423=CARTESIAN_POINT('Ctrl Pts',(-0.01,-0.313677114834589,-0.0769424524985338));
#1424=CARTESIAN_POINT('Ctrl Pts',(-1.36592399683213E-18,-0.313677114834589,
-0.0769424524985338));
#1425=CARTESIAN_POINT('Ctrl Pts',(-0.01,-0.313095636382624,-0.0705381471968285));
#1426=CARTESIAN_POINT('Ctrl Pts',(-1.36592399683213E-18,-0.313095636382624,
-0.0705381471968285));
#1427=CARTESIAN_POINT('',(-0.01,-0.327358934011793,-0.104167076045906));
#1428=CARTESIAN_POINT('Ctrl Pts',(-0.01,-0.327358934011793,-0.104167076045906));
#1429=CARTESIAN_POINT('Ctrl Pts',(-0.01,-0.323198839402093,-0.09935626678371));
#1430=CARTESIAN_POINT('Ctrl Pts',(-0.01,-0.314833880696162,-0.089682876008761));
#1431=CARTESIAN_POINT('Ctrl Pts',(-0.01,-0.313677114834589,-0.0769424524985338));
#1432=CARTESIAN_POINT('Ctrl Pts',(-0.01,-0.313095636382624,-0.0705381471968285));
#1433=CARTESIAN_POINT('',(-1.36592399683213E-18,-0.327358934011793,-0.104167076045906));
#1434=CARTESIAN_POINT('',(-0.01,-0.327358934011793,-0.104167076045906));
#1435=CARTESIAN_POINT('Ctrl Pts',(-1.36592399683213E-18,-0.327358934011793,
-0.104167076045906));
#1436=CARTESIAN_POINT('Ctrl Pts',(-1.36592399683213E-18,-0.323198839402093,
-0.09935626678371));
#1437=CARTESIAN_POINT('Ctrl Pts',(-1.36592399683213E-18,-0.314833880696162,
-0.089682876008761));
#1438=CARTESIAN_POINT('Ctrl Pts',(-1.36592399683213E-18,-0.313677114834589,
-0.0769424524985338));
#1439=CARTESIAN_POINT('Ctrl Pts',(-1.36592399683213E-18,-0.313095636382624,
-0.0705381471968285));
#1440=CARTESIAN_POINT('Ctrl Pts',(-0.01,-0.366090178851814,-0.1177346067793));
#1441=CARTESIAN_POINT('Ctrl Pts',(-1.36592399683213E-18,-0.366090178851814,
-0.1177346067793));
#1442=CARTESIAN_POINT('Ctrl Pts',(-0.01,-0.358524538213597,-0.117318868787847));
#1443=CARTESIAN_POINT('Ctrl Pts',(-1.36592399683213E-18,-0.358524538213597,
-0.117318868787847));
#1444=CARTESIAN_POINT('Ctrl Pts',(-0.01,-0.344254267548105,-0.116534706025212));
#1445=CARTESIAN_POINT('Ctrl Pts',(-1.36592399683213E-18,-0.344254267548105,
-0.116534706025212));
#1446=CARTESIAN_POINT('Ctrl Pts',(-0.01,-0.332759529809963,-0.108120390749993));
#1447=CARTESIAN_POINT('Ctrl Pts',(-1.36592399683213E-18,-0.332759529809963,
-0.108120390749993));
#1448=CARTESIAN_POINT('Ctrl Pts',(-0.01,-0.327358934011793,-0.104167076045906));
#1449=CARTESIAN_POINT('Ctrl Pts',(-1.36592399683213E-18,-0.327358934011793,
-0.104167076045906));
#1450=CARTESIAN_POINT('',(-0.01,-0.366090178851814,-0.1177346067793));
#1451=CARTESIAN_POINT('Ctrl Pts',(-0.01,-0.366090178851814,-0.1177346067793));
#1452=CARTESIAN_POINT('Ctrl Pts',(-0.01,-0.358524538213597,-0.117318868787847));
#1453=CARTESIAN_POINT('Ctrl Pts',(-0.01,-0.344254267548105,-0.116534706025212));
#1454=CARTESIAN_POINT('Ctrl Pts',(-0.01,-0.332759529809963,-0.108120390749993));
#1455=CARTESIAN_POINT('Ctrl Pts',(-0.01,-0.327358934011793,-0.104167076045906));
#1456=CARTESIAN_POINT('',(-1.36592399683213E-18,-0.366090178851814,-0.1177346067793));
#1457=CARTESIAN_POINT('',(-0.01,-0.366090178851814,-0.1177346067793));
#1458=CARTESIAN_POINT('Ctrl Pts',(-1.36592399683213E-18,-0.366090178851814,
-0.1177346067793));
#1459=CARTESIAN_POINT('Ctrl Pts',(-1.36592399683213E-18,-0.358524538213597,
-0.117318868787847));
#1460=CARTESIAN_POINT('Ctrl Pts',(-1.36592399683213E-18,-0.344254267548105,
-0.116534706025212));
#1461=CARTESIAN_POINT('Ctrl Pts',(-1.36592399683213E-18,-0.332759529809963,
-0.108120390749993));
#1462=CARTESIAN_POINT('Ctrl Pts',(-1.36592399683213E-18,-0.327358934011793,
-0.104167076045906));
#1463=CARTESIAN_POINT('Ctrl Pts',(-0.01,-0.404705461564773,-0.105152746792687));
#1464=CARTESIAN_POINT('Ctrl Pts',(-1.36592399683213E-18,-0.404705461564773,
-0.105152746792687));
#1465=CARTESIAN_POINT('Ctrl Pts',(-0.01,-0.39926741509562,-0.108818277186202));
#1466=CARTESIAN_POINT('Ctrl Pts',(-1.36592399683213E-18,-0.39926741509562,
-0.108818277186202));
#1467=CARTESIAN_POINT('Ctrl Pts',(-0.01,-0.387633299462674,-0.116660285285276));
#1468=CARTESIAN_POINT('Ctrl Pts',(-1.36592399683213E-18,-0.387633299462674,
-0.116660285285276));
#1469=CARTESIAN_POINT('Ctrl Pts',(-0.01,-0.373576509859064,-0.117361275243087));
#1470=CARTESIAN_POINT('Ctrl Pts',(-1.36592399683213E-18,-0.373576509859064,
-0.117361275243087));
#1471=CARTESIAN_POINT('Ctrl Pts',(-0.01,-0.366090178851814,-0.1177346067793));
#1472=CARTESIAN_POINT('Ctrl Pts',(-1.36592399683213E-18,-0.366090178851814,
-0.1177346067793));
#1473=CARTESIAN_POINT('',(-0.01,-0.404705461564773,-0.105152746792687));
#1474=CARTESIAN_POINT('Ctrl Pts',(-0.01,-0.404705461564773,-0.105152746792687));
#1475=CARTESIAN_POINT('Ctrl Pts',(-0.01,-0.39926741509562,-0.108818277186202));
#1476=CARTESIAN_POINT('Ctrl Pts',(-0.01,-0.387633299462674,-0.116660285285276));
#1477=CARTESIAN_POINT('Ctrl Pts',(-0.01,-0.373576509859064,-0.117361275243087));
#1478=CARTESIAN_POINT('Ctrl Pts',(-0.01,-0.366090178851814,-0.1177346067793));
#1479=CARTESIAN_POINT('',(-1.36592399683213E-18,-0.404705461564773,-0.105152746792687));
#1480=CARTESIAN_POINT('',(-0.01,-0.404705461564773,-0.105152746792687));
#1481=CARTESIAN_POINT('Ctrl Pts',(-1.36592399683213E-18,-0.404705461564773,
-0.105152746792687));
#1482=CARTESIAN_POINT('Ctrl Pts',(-1.36592399683213E-18,-0.39926741509562,
-0.108818277186202));
#1483=CARTESIAN_POINT('Ctrl Pts',(-1.36592399683213E-18,-0.387633299462674,
-0.116660285285276));
#1484=CARTESIAN_POINT('Ctrl Pts',(-1.36592399683213E-18,-0.373576509859064,
-0.117361275243087));
#1485=CARTESIAN_POINT('Ctrl Pts',(-1.36592399683213E-18,-0.366090178851814,
-0.1177346067793));
#1486=CARTESIAN_POINT('Ctrl Pts',(-0.01,-0.421288000268538,-0.0685667939700692));
#1487=CARTESIAN_POINT('Ctrl Pts',(-1.36592399683213E-18,-0.421288000268538,
-0.0685667939700692));
#1488=CARTESIAN_POINT('Ctrl Pts',(-0.01,-0.420217403952759,-0.0759343052212171));
#1489=CARTESIAN_POINT('Ctrl Pts',(-1.36592399683213E-18,-0.420217403952759,
-0.0759343052212171));
#1490=CARTESIAN_POINT('Ctrl Pts',(-0.01,-0.418205809462512,-0.0897774735762742));
#1491=CARTESIAN_POINT('Ctrl Pts',(-1.36592399683213E-18,-0.418205809462512,
-0.0897774735762742));
#1492=CARTESIAN_POINT('Ctrl Pts',(-0.01,-0.40900805395358,-0.10025261132819));
#1493=CARTESIAN_POINT('Ctrl Pts',(-1.36592399683213E-18,-0.40900805395358,
-0.10025261132819));
#1494=CARTESIAN_POINT('Ctrl Pts',(-0.01,-0.404705461564773,-0.105152746792687));
#1495=CARTESIAN_POINT('Ctrl Pts',(-1.36592399683213E-18,-0.404705461564773,
-0.105152746792687));
#1496=CARTESIAN_POINT('',(-0.01,-0.421288000268538,-0.0685667939700692));
#1497=CARTESIAN_POINT('Ctrl Pts',(-0.01,-0.421288000268538,-0.0685667939700692));
#1498=CARTESIAN_POINT('Ctrl Pts',(-0.01,-0.420217403952759,-0.0759343052212171));
#1499=CARTESIAN_POINT('Ctrl Pts',(-0.01,-0.418205809462512,-0.0897774735762742));
#1500=CARTESIAN_POINT('Ctrl Pts',(-0.01,-0.40900805395358,-0.10025261132819));
#1501=CARTESIAN_POINT('Ctrl Pts',(-0.01,-0.404705461564773,-0.105152746792687));
#1502=CARTESIAN_POINT('',(-1.36592399683213E-18,-0.421288000268538,-0.0685667939700692));
#1503=CARTESIAN_POINT('',(-0.01,-0.421288000268538,-0.0685667939700692));
#1504=CARTESIAN_POINT('Ctrl Pts',(-1.36592399683213E-18,-0.421288000268538,
-0.0685667939700692));
#1505=CARTESIAN_POINT('Ctrl Pts',(-1.36592399683213E-18,-0.420217403952759,
-0.0759343052212171));
#1506=CARTESIAN_POINT('Ctrl Pts',(-1.36592399683213E-18,-0.418205809462512,
-0.0897774735762742));
#1507=CARTESIAN_POINT('Ctrl Pts',(-1.36592399683213E-18,-0.40900805395358,
-0.10025261132819));
#1508=CARTESIAN_POINT('Ctrl Pts',(-1.36592399683213E-18,-0.404705461564773,
-0.105152746792687));
#1509=CARTESIAN_POINT('Origin',(-0.01,-0.399835066894655,-0.0663635223557842));
#1510=CARTESIAN_POINT('',(-0.01,-0.399835066894655,-0.0663635223557842));
#1511=CARTESIAN_POINT('',(-0.01,-0.198631935370941,-0.0456994415671343));
#1512=CARTESIAN_POINT('',(-1.36592399683213E-18,-0.399835066894655,-0.0663635223557842));
#1513=CARTESIAN_POINT('',(-0.01,-0.399835066894655,-0.0663635223557842));
#1514=CARTESIAN_POINT('',(-1.36592399683213E-18,-0.399835066894655,-0.0663635223557842));
#1515=CARTESIAN_POINT('Ctrl Pts',(-0.01,-0.39067408525643,-0.0914112714020499));
#1516=CARTESIAN_POINT('Ctrl Pts',(-1.36592399683213E-18,-0.39067408525643,
-0.0914112714020499));
#1517=CARTESIAN_POINT('Ctrl Pts',(-0.01,-0.393315380344994,-0.0879572620126469));
#1518=CARTESIAN_POINT('Ctrl Pts',(-1.36592399683213E-18,-0.393315380344994,
-0.0879572620126469));
#1519=CARTESIAN_POINT('Ctrl Pts',(-0.01,-0.398949813461675,-0.0805891398466545));
#1520=CARTESIAN_POINT('Ctrl Pts',(-1.36592399683213E-18,-0.398949813461675,
-0.0805891398466545));
#1521=CARTESIAN_POINT('Ctrl Pts',(-0.01,-0.399527948509851,-0.0712987742326741));
#1522=CARTESIAN_POINT('Ctrl Pts',(-1.36592399683213E-18,-0.399527948509851,
-0.0712987742326741));
#1523=CARTESIAN_POINT('Ctrl Pts',(-0.01,-0.399835066894655,-0.0663635223557842));
#1524=CARTESIAN_POINT('Ctrl Pts',(-1.36592399683213E-18,-0.399835066894655,
-0.0663635223557842));
#1525=CARTESIAN_POINT('',(-0.01,-0.39067408525643,-0.0914112714020499));
#1526=CARTESIAN_POINT('Ctrl Pts',(-0.01,-0.39067408525643,-0.0914112714020499));
#1527=CARTESIAN_POINT('Ctrl Pts',(-0.01,-0.393315380344994,-0.0879572620126469));
#1528=CARTESIAN_POINT('Ctrl Pts',(-0.01,-0.398949813461675,-0.0805891398466545));
#1529=CARTESIAN_POINT('Ctrl Pts',(-0.01,-0.399527948509851,-0.0712987742326741));
#1530=CARTESIAN_POINT('Ctrl Pts',(-0.01,-0.399835066894655,-0.0663635223557842));
#1531=CARTESIAN_POINT('',(-1.36592399683213E-18,-0.39067408525643,-0.0914112714020499));
#1532=CARTESIAN_POINT('',(-0.01,-0.39067408525643,-0.0914112714020499));
#1533=CARTESIAN_POINT('Ctrl Pts',(-1.36592399683213E-18,-0.39067408525643,
-0.0914112714020499));
#1534=CARTESIAN_POINT('Ctrl Pts',(-1.36592399683213E-18,-0.393315380344994,
-0.0879572620126469));
#1535=CARTESIAN_POINT('Ctrl Pts',(-1.36592399683213E-18,-0.398949813461675,
-0.0805891398466545));
#1536=CARTESIAN_POINT('Ctrl Pts',(-1.36592399683213E-18,-0.399527948509851,
-0.0712987742326741));
#1537=CARTESIAN_POINT('Ctrl Pts',(-1.36592399683213E-18,-0.399835066894655,
-0.0663635223557842));
#1538=CARTESIAN_POINT('Ctrl Pts',(-0.01,-0.366554027360063,-0.100456299713111));
#1539=CARTESIAN_POINT('Ctrl Pts',(-1.36592399683213E-18,-0.366554027360063,
-0.100456299713111));
#1540=CARTESIAN_POINT('Ctrl Pts',(-0.01,-0.371250643480226,-0.100153781755385));
#1541=CARTESIAN_POINT('Ctrl Pts',(-1.36592399683213E-18,-0.371250643480226,
-0.100153781755385));
#1542=CARTESIAN_POINT('Ctrl Pts',(-0.01,-0.380230801573369,-0.0995753527297015));
#1543=CARTESIAN_POINT('Ctrl Pts',(-1.36592399683213E-18,-0.380230801573369,
-0.0995753527297015));
#1544=CARTESIAN_POINT('Ctrl Pts',(-0.01,-0.3873014031414,-0.0940478799549785));
#1545=CARTESIAN_POINT('Ctrl Pts',(-1.36592399683213E-18,-0.3873014031414,
-0.0940478799549785));
#1546=CARTESIAN_POINT('Ctrl Pts',(-0.01,-0.39067408525643,-0.0914112714020499));
#1547=CARTESIAN_POINT('Ctrl Pts',(-1.36592399683213E-18,-0.39067408525643,
-0.0914112714020499));
#1548=CARTESIAN_POINT('',(-0.01,-0.366554027360063,-0.100456299713111));
#1549=CARTESIAN_POINT('Ctrl Pts',(-0.01,-0.366554027360063,-0.100456299713111));
#1550=CARTESIAN_POINT('Ctrl Pts',(-0.01,-0.371250643480226,-0.100153781755385));
#1551=CARTESIAN_POINT('Ctrl Pts',(-0.01,-0.380230801573369,-0.0995753527297015));
#1552=CARTESIAN_POINT('Ctrl Pts',(-0.01,-0.3873014031414,-0.0940478799549785));
#1553=CARTESIAN_POINT('Ctrl Pts',(-0.01,-0.39067408525643,-0.0914112714020499));
#1554=CARTESIAN_POINT('',(-1.36592399683213E-18,-0.366554027360063,-0.100456299713111));
#1555=CARTESIAN_POINT('',(-0.01,-0.366554027360063,-0.100456299713111));
#1556=CARTESIAN_POINT('Ctrl Pts',(-1.36592399683213E-18,-0.366554027360063,
-0.100456299713111));
#1557=CARTESIAN_POINT('Ctrl Pts',(-1.36592399683213E-18,-0.371250643480226,
-0.100153781755385));
#1558=CARTESIAN_POINT('Ctrl Pts',(-1.36592399683213E-18,-0.380230801573369,
-0.0995753527297015));
#1559=CARTESIAN_POINT('Ctrl Pts',(-1.36592399683213E-18,-0.3873014031414,
-0.0940478799549785));
#1560=CARTESIAN_POINT('Ctrl Pts',(-1.36592399683213E-18,-0.39067408525643,
-0.0914112714020499));
#1561=CARTESIAN_POINT('Ctrl Pts',(-0.01,-0.343419646077077,-0.0919331053737793));
#1562=CARTESIAN_POINT('Ctrl Pts',(-1.36592399683213E-18,-0.343419646077077,
-0.0919331053737793));
#1563=CARTESIAN_POINT('Ctrl Pts',(-0.01,-0.346692283052544,-0.0944178802305533));
#1564=CARTESIAN_POINT('Ctrl Pts',(-1.36592399683213E-18,-0.346692283052544,
-0.0944178802305533));
#1565=CARTESIAN_POINT('Ctrl Pts',(-0.01,-0.353518852014897,-0.099601005350403));
#1566=CARTESIAN_POINT('Ctrl Pts',(-1.36592399683213E-18,-0.353518852014897,
-0.099601005350403));
#1567=CARTESIAN_POINT('Ctrl Pts',(-0.01,-0.362091224761191,-0.100163475888067));
#1568=CARTESIAN_POINT('Ctrl Pts',(-1.36592399683213E-18,-0.362091224761191,
-0.100163475888067));
#1569=CARTESIAN_POINT('Ctrl Pts',(-0.01,-0.366554027360063,-0.100456299713111));
#1570=CARTESIAN_POINT('Ctrl Pts',(-1.36592399683213E-18,-0.366554027360063,
-0.100456299713111));
#1571=CARTESIAN_POINT('',(-0.01,-0.343419646077077,-0.0919331053737793));
#1572=CARTESIAN_POINT('Ctrl Pts',(-0.01,-0.343419646077077,-0.0919331053737793));
#1573=CARTESIAN_POINT('Ctrl Pts',(-0.01,-0.346692283052544,-0.0944178802305533));
#1574=CARTESIAN_POINT('Ctrl Pts',(-0.01,-0.353518852014897,-0.099601005350403));
#1575=CARTESIAN_POINT('Ctrl Pts',(-0.01,-0.362091224761191,-0.100163475888067));
#1576=CARTESIAN_POINT('Ctrl Pts',(-0.01,-0.366554027360063,-0.100456299713111));
#1577=CARTESIAN_POINT('',(-1.36592399683213E-18,-0.343419646077077,-0.0919331053737793));
#1578=CARTESIAN_POINT('',(-0.01,-0.343419646077077,-0.0919331053737793));
#1579=CARTESIAN_POINT('Ctrl Pts',(-1.36592399683213E-18,-0.343419646077077,
-0.0919331053737793));
#1580=CARTESIAN_POINT('Ctrl Pts',(-1.36592399683213E-18,-0.346692283052544,
-0.0944178802305533));
#1581=CARTESIAN_POINT('Ctrl Pts',(-1.36592399683213E-18,-0.353518852014897,
-0.099601005350403));
#1582=CARTESIAN_POINT('Ctrl Pts',(-1.36592399683213E-18,-0.362091224761191,
-0.100163475888067));
#1583=CARTESIAN_POINT('Ctrl Pts',(-1.36592399683213E-18,-0.366554027360063,
-0.100456299713111));
#1584=CARTESIAN_POINT('Ctrl Pts',(-0.01,-0.334548568289858,-0.0710019957050776));
#1585=CARTESIAN_POINT('Ctrl Pts',(-1.36592399683213E-18,-0.334548568289858,
-0.0710019957050776));
#1586=CARTESIAN_POINT('Ctrl Pts',(-0.01,-0.334914603902876,-0.0749726469980164));
#1587=CARTESIAN_POINT('Ctrl Pts',(-1.36592399683213E-18,-0.334914603902876,
-0.0749726469980164));
#1588=CARTESIAN_POINT('Ctrl Pts',(-0.01,-0.335644907366644,-0.0828947733964122));
#1589=CARTESIAN_POINT('Ctrl Pts',(-1.36592399683213E-18,-0.335644907366644,
-0.0828947733964122));
#1590=CARTESIAN_POINT('Ctrl Pts',(-0.01,-0.340832251978012,-0.0889251937648346));
#1591=CARTESIAN_POINT('Ctrl Pts',(-1.36592399683213E-18,-0.340832251978012,
-0.0889251937648346));
#1592=CARTESIAN_POINT('Ctrl Pts',(-0.01,-0.343419646077077,-0.0919331053737793));
#1593=CARTESIAN_POINT('Ctrl Pts',(-1.36592399683213E-18,-0.343419646077077,
-0.0919331053737793));
#1594=CARTESIAN_POINT('',(-0.01,-0.334548568289858,-0.0710019957050776));
#1595=CARTESIAN_POINT('Ctrl Pts',(-0.01,-0.334548568289858,-0.0710019957050776));
#1596=CARTESIAN_POINT('Ctrl Pts',(-0.01,-0.334914603902876,-0.0749726469980164));
#1597=CARTESIAN_POINT('Ctrl Pts',(-0.01,-0.335644907366644,-0.0828947733964122));
#1598=CARTESIAN_POINT('Ctrl Pts',(-0.01,-0.340832251978012,-0.0889251937648346));
#1599=CARTESIAN_POINT('Ctrl Pts',(-0.01,-0.343419646077077,-0.0919331053737793));
#1600=CARTESIAN_POINT('',(-1.36592399683213E-18,-0.334548568289858,-0.0710019957050776));
#1601=CARTESIAN_POINT('',(-0.01,-0.334548568289858,-0.0710019957050776));
#1602=CARTESIAN_POINT('Ctrl Pts',(-1.36592399683213E-18,-0.334548568289858,
-0.0710019957050776));
#1603=CARTESIAN_POINT('Ctrl Pts',(-1.36592399683213E-18,-0.334914603902876,
-0.0749726469980164));
#1604=CARTESIAN_POINT('Ctrl Pts',(-1.36592399683213E-18,-0.335644907366644,
-0.0828947733964122));
#1605=CARTESIAN_POINT('Ctrl Pts',(-1.36592399683213E-18,-0.340832251978012,
-0.0889251937648346));
#1606=CARTESIAN_POINT('Ctrl Pts',(-1.36592399683213E-18,-0.343419646077077,
-0.0919331053737793));
#1607=CARTESIAN_POINT('Ctrl Pts',(-0.01,-0.344289357630095,-0.0458962611953317));
#1608=CARTESIAN_POINT('Ctrl Pts',(-1.36592399683213E-18,-0.344289357630095,
-0.0458962611953317));
#1609=CARTESIAN_POINT('Ctrl Pts',(-0.01,-0.341455229561502,-0.0500530153298015));
#1610=CARTESIAN_POINT('Ctrl Pts',(-1.36592399683213E-18,-0.341455229561502,
-0.0500530153298015));
#1611=CARTESIAN_POINT('Ctrl Pts',(-0.01,-0.336246706089854,-0.0576922436749067));
#1612=CARTESIAN_POINT('Ctrl Pts',(-1.36592399683213E-18,-0.336246706089854,
-0.0576922436749067));
#1613=CARTESIAN_POINT('Ctrl Pts',(-0.01,-0.335080296329243,-0.066834390254139));
#1614=CARTESIAN_POINT('Ctrl Pts',(-1.36592399683213E-18,-0.335080296329243,
-0.066834390254139));
#1615=CARTESIAN_POINT('Ctrl Pts',(-0.01,-0.334548568289858,-0.0710019957050776));
#1616=CARTESIAN_POINT('Ctrl Pts',(-1.36592399683213E-18,-0.334548568289858,
-0.0710019957050776));
#1617=CARTESIAN_POINT('',(-0.01,-0.344289357630095,-0.0458962611953317));
#1618=CARTESIAN_POINT('Ctrl Pts',(-0.01,-0.344289357630095,-0.0458962611953317));
#1619=CARTESIAN_POINT('Ctrl Pts',(-0.01,-0.341455229561502,-0.0500530153298015));
#1620=CARTESIAN_POINT('Ctrl Pts',(-0.01,-0.336246706089854,-0.0576922436749067));
#1621=CARTESIAN_POINT('Ctrl Pts',(-0.01,-0.335080296329243,-0.066834390254139));
#1622=CARTESIAN_POINT('Ctrl Pts',(-0.01,-0.334548568289858,-0.0710019957050776));
#1623=CARTESIAN_POINT('',(-1.36592399683213E-18,-0.344289357630095,-0.0458962611953317));
#1624=CARTESIAN_POINT('',(-0.01,-0.344289357630095,-0.0458962611953317));
#1625=CARTESIAN_POINT('Ctrl Pts',(-1.36592399683213E-18,-0.344289357630095,
-0.0458962611953317));
#1626=CARTESIAN_POINT('Ctrl Pts',(-1.36592399683213E-18,-0.341455229561502,
-0.0500530153298015));
#1627=CARTESIAN_POINT('Ctrl Pts',(-1.36592399683213E-18,-0.336246706089854,
-0.0576922436749067));
#1628=CARTESIAN_POINT('Ctrl Pts',(-1.36592399683213E-18,-0.335080296329243,
-0.066834390254139));
#1629=CARTESIAN_POINT('Ctrl Pts',(-1.36592399683213E-18,-0.334548568289858,
-0.0710019957050776));
#1630=CARTESIAN_POINT('Ctrl Pts',(-0.01,-0.38174502200573,-0.00989011607472601));
#1631=CARTESIAN_POINT('Ctrl Pts',(-1.36592399683213E-18,-0.38174502200573,
-0.00989011607472601));
#1632=CARTESIAN_POINT('Ctrl Pts',(-0.01,-0.373763974843501,-0.0164336517692724));
#1633=CARTESIAN_POINT('Ctrl Pts',(-1.36592399683213E-18,-0.373763974843501,
-0.0164336517692724));
#1634=CARTESIAN_POINT('Ctrl Pts',(-0.01,-0.360318371229486,-0.027457491798611));
#1635=CARTESIAN_POINT('Ctrl Pts',(-1.36592399683213E-18,-0.360318371229486,
-0.027457491798611));
#1636=CARTESIAN_POINT('Ctrl Pts',(-0.01,-0.348921335856377,-0.0405679246863215));
#1637=CARTESIAN_POINT('Ctrl Pts',(-1.36592399683213E-18,-0.348921335856377,
-0.0405679246863215));
#1638=CARTESIAN_POINT('Ctrl Pts',(-0.01,-0.344289357630095,-0.0458962611953317));
#1639=CARTESIAN_POINT('Ctrl Pts',(-1.36592399683213E-18,-0.344289357630095,
-0.0458962611953317));
#1640=CARTESIAN_POINT('',(-0.01,-0.38174502200573,-0.00989011607472601));
#1641=CARTESIAN_POINT('Ctrl Pts',(-0.01,-0.38174502200573,-0.00989011607472601));
#1642=CARTESIAN_POINT('Ctrl Pts',(-0.01,-0.373763974843501,-0.0164336517692724));
#1643=CARTESIAN_POINT('Ctrl Pts',(-0.01,-0.360318371229486,-0.027457491798611));
#1644=CARTESIAN_POINT('Ctrl Pts',(-0.01,-0.348921335856377,-0.0405679246863215));
#1645=CARTESIAN_POINT('Ctrl Pts',(-0.01,-0.344289357630095,-0.0458962611953317));
#1646=CARTESIAN_POINT('',(-1.36592399683213E-18,-0.38174502200573,-0.00989011607472601));
#1647=CARTESIAN_POINT('',(-0.01,-0.38174502200573,-0.00989011607472601));
#1648=CARTESIAN_POINT('Ctrl Pts',(-1.36592399683213E-18,-0.38174502200573,
-0.00989011607472601));
#1649=CARTESIAN_POINT('Ctrl Pts',(-1.36592399683213E-18,-0.373763974843501,
-0.0164336517692724));
#1650=CARTESIAN_POINT('Ctrl Pts',(-1.36592399683213E-18,-0.360318371229486,
-0.027457491798611));
#1651=CARTESIAN_POINT('Ctrl Pts',(-1.36592399683213E-18,-0.348921335856377,
-0.0405679246863215));
#1652=CARTESIAN_POINT('Ctrl Pts',(-1.36592399683213E-18,-0.344289357630095,
-0.0458962611953317));
#1653=CARTESIAN_POINT('Ctrl Pts',(-0.01,-0.409054029596411,0.0158533998673144));
#1654=CARTESIAN_POINT('Ctrl Pts',(-1.36592399683213E-18,-0.409054029596411,
0.0158533998673144));
#1655=CARTESIAN_POINT('Ctrl Pts',(-0.01,-0.405277200368311,0.0117749193242863));
#1656=CARTESIAN_POINT('Ctrl Pts',(-1.36592399683213E-18,-0.405277200368311,
0.0117749193242863));
#1657=CARTESIAN_POINT('Ctrl Pts',(-0.01,-0.39676045910755,0.00257795503911666));
#1658=CARTESIAN_POINT('Ctrl Pts',(-1.36592399683213E-18,-0.39676045910755,
0.00257795503911666));
#1659=CARTESIAN_POINT('Ctrl Pts',(-0.01,-0.387113786611643,-0.00543216134146745));
#1660=CARTESIAN_POINT('Ctrl Pts',(-1.36592399683213E-18,-0.387113786611643,
-0.00543216134146745));
#1661=CARTESIAN_POINT('Ctrl Pts',(-0.01,-0.38174502200573,-0.00989011607472601));
#1662=CARTESIAN_POINT('Ctrl Pts',(-1.36592399683213E-18,-0.38174502200573,
-0.00989011607472601));
#1663=CARTESIAN_POINT('',(-0.01,-0.409054029596411,0.0158533998673144));
#1664=CARTESIAN_POINT('Ctrl Pts',(-0.01,-0.409054029596411,0.0158533998673144));
#1665=CARTESIAN_POINT('Ctrl Pts',(-0.01,-0.405277200368311,0.0117749193242863));
#1666=CARTESIAN_POINT('Ctrl Pts',(-0.01,-0.39676045910755,0.00257795503911666));
#1667=CARTESIAN_POINT('Ctrl Pts',(-0.01,-0.387113786611643,-0.00543216134146745));
#1668=CARTESIAN_POINT('Ctrl Pts',(-0.01,-0.38174502200573,-0.00989011607472601));
#1669=CARTESIAN_POINT('',(-1.36592399683213E-18,-0.409054029596411,0.0158533998673144));
#1670=CARTESIAN_POINT('',(-0.01,-0.409054029596411,0.0158533998673144));
#1671=CARTESIAN_POINT('Ctrl Pts',(-1.36592399683213E-18,-0.409054029596411,
0.0158533998673144));
#1672=CARTESIAN_POINT('Ctrl Pts',(-1.36592399683213E-18,-0.405277200368311,
0.0117749193242863));
#1673=CARTESIAN_POINT('Ctrl Pts',(-1.36592399683213E-18,-0.39676045910755,
0.00257795503911666));
#1674=CARTESIAN_POINT('Ctrl Pts',(-1.36592399683213E-18,-0.387113786611643,
-0.00543216134146745));
#1675=CARTESIAN_POINT('Ctrl Pts',(-1.36592399683213E-18,-0.38174502200573,
-0.00989011607472601));
#1676=CARTESIAN_POINT('Ctrl Pts',(-0.01,-0.422795503520398,0.0384659589117694));
#1677=CARTESIAN_POINT('Ctrl Pts',(-1.36592399683213E-18,-0.422795503520398,
0.0384659589117694));
#1678=CARTESIAN_POINT('Ctrl Pts',(-0.01,-0.421085110285374,0.0345779542067528));
#1679=CARTESIAN_POINT('Ctrl Pts',(-1.36592399683213E-18,-0.421085110285374,
0.0345779542067528));
#1680=CARTESIAN_POINT('Ctrl Pts',(-0.01,-0.417504319402289,0.0264382284898655));
#1681=CARTESIAN_POINT('Ctrl Pts',(-1.36592399683213E-18,-0.417504319402289,
0.0264382284898655));
#1682=CARTESIAN_POINT('Ctrl Pts',(-0.01,-0.411953471082986,0.0194852387676993));
#1683=CARTESIAN_POINT('Ctrl Pts',(-1.36592399683213E-18,-0.411953471082986,
0.0194852387676993));
#1684=CARTESIAN_POINT('Ctrl Pts',(-0.01,-0.409054029596411,0.0158533998673144));
#1685=CARTESIAN_POINT('Ctrl Pts',(-1.36592399683213E-18,-0.409054029596411,
0.0158533998673144));
#1686=CARTESIAN_POINT('',(-0.01,-0.422795503520398,0.0384659589117694));
#1687=CARTESIAN_POINT('Ctrl Pts',(-0.01,-0.422795503520398,0.0384659589117694));
#1688=CARTESIAN_POINT('Ctrl Pts',(-0.01,-0.421085110285374,0.0345779542067528));
#1689=CARTESIAN_POINT('Ctrl Pts',(-0.01,-0.417504319402289,0.0264382284898655));
#1690=CARTESIAN_POINT('Ctrl Pts',(-0.01,-0.411953471082986,0.0194852387676993));
#1691=CARTESIAN_POINT('Ctrl Pts',(-0.01,-0.409054029596411,0.0158533998673144));
#1692=CARTESIAN_POINT('',(-1.36592399683213E-18,-0.422795503520398,0.0384659589117694));
#1693=CARTESIAN_POINT('',(-0.01,-0.422795503520398,0.0384659589117694));
#1694=CARTESIAN_POINT('Ctrl Pts',(-1.36592399683213E-18,-0.422795503520398,
0.0384659589117694));
#1695=CARTESIAN_POINT('Ctrl Pts',(-1.36592399683213E-18,-0.421085110285374,
0.0345779542067528));
#1696=CARTESIAN_POINT('Ctrl Pts',(-1.36592399683213E-18,-0.417504319402289,
0.0264382284898655));
#1697=CARTESIAN_POINT('Ctrl Pts',(-1.36592399683213E-18,-0.411953471082986,
0.0194852387676993));
#1698=CARTESIAN_POINT('Ctrl Pts',(-1.36592399683213E-18,-0.409054029596411,
0.0158533998673144));
#1699=CARTESIAN_POINT('Ctrl Pts',(-0.01,-0.425230701588782,0.0529611749284637));
#1700=CARTESIAN_POINT('Ctrl Pts',(-1.36592399683213E-18,-0.425230701588782,
0.0529611749284637));
#1701=CARTESIAN_POINT('Ctrl Pts',(-0.01,-0.425188590994441,0.0504764289685415));
#1702=CARTESIAN_POINT('Ctrl Pts',(-1.36592399683213E-18,-0.425188590994441,
0.0504764289685415));
#1703=CARTESIAN_POINT('Ctrl Pts',(-0.01,-0.425104628361323,0.0455221931832279));
#1704=CARTESIAN_POINT('Ctrl Pts',(-1.36592399683213E-18,-0.425104628361323,
0.0455221931832279));
#1705=CARTESIAN_POINT('Ctrl Pts',(-0.01,-0.423563630010957,0.0408132033618899));
#1706=CARTESIAN_POINT('Ctrl Pts',(-1.36592399683213E-18,-0.423563630010957,
0.0408132033618899));
#1707=CARTESIAN_POINT('Ctrl Pts',(-0.01,-0.422795503520398,0.0384659589117694));
#1708=CARTESIAN_POINT('Ctrl Pts',(-1.36592399683213E-18,-0.422795503520398,
0.0384659589117694));
#1709=CARTESIAN_POINT('',(-0.01,-0.425230701588782,0.0529611749284637));
#1710=CARTESIAN_POINT('Ctrl Pts',(-0.01,-0.425230701588782,0.0529611749284637));
#1711=CARTESIAN_POINT('Ctrl Pts',(-0.01,-0.425188590994441,0.0504764289685415));
#1712=CARTESIAN_POINT('Ctrl Pts',(-0.01,-0.425104628361323,0.0455221931832279));
#1713=CARTESIAN_POINT('Ctrl Pts',(-0.01,-0.423563630010957,0.0408132033618899));
#1714=CARTESIAN_POINT('Ctrl Pts',(-0.01,-0.422795503520398,0.0384659589117694));
#1715=CARTESIAN_POINT('',(-1.36592399683213E-18,-0.425230701588782,0.0529611749284637));
#1716=CARTESIAN_POINT('',(-0.01,-0.425230701588782,0.0529611749284637));
#1717=CARTESIAN_POINT('Ctrl Pts',(-1.36592399683213E-18,-0.425230701588782,
0.0529611749284637));
#1718=CARTESIAN_POINT('Ctrl Pts',(-1.36592399683213E-18,-0.425188590994441,
0.0504764289685415));
#1719=CARTESIAN_POINT('Ctrl Pts',(-1.36592399683213E-18,-0.425104628361323,
0.0455221931832279));
#1720=CARTESIAN_POINT('Ctrl Pts',(-1.36592399683213E-18,-0.423563630010957,
0.0408132033618899));
#1721=CARTESIAN_POINT('Ctrl Pts',(-1.36592399683213E-18,-0.422795503520398,
0.0384659589117694));
#1722=CARTESIAN_POINT('Origin',(-0.01,-0.312863717995099,0.0529611749284637));
#1723=CARTESIAN_POINT('',(-0.01,-0.312863717995099,0.0529611749284637));
#1724=CARTESIAN_POINT('',(-0.01,-0.156431858997549,0.0529611749284637));
#1725=CARTESIAN_POINT('',(-1.36592399683213E-18,-0.312863717995099,0.0529611749284637));
#1726=CARTESIAN_POINT('',(-0.01,-0.312863717995099,0.0529611749284637));
#1727=CARTESIAN_POINT('',(-1.36592399683213E-18,-0.312863717995099,0.0529611749284637));
#1728=CARTESIAN_POINT('Origin',(-0.01,-0.312863717995099,0.0328997768127799));
#1729=CARTESIAN_POINT('',(-0.01,-0.312863717995099,0.0328997768127799));
#1730=CARTESIAN_POINT('',(-0.01,-0.312863717995099,0.01644988840639));
#1731=CARTESIAN_POINT('',(-1.36592399683213E-18,-0.312863717995099,0.0328997768127799));
#1732=CARTESIAN_POINT('',(-0.01,-0.312863717995099,0.0328997768127799));
#1733=CARTESIAN_POINT('',(-1.36592399683213E-18,-0.312863717995099,0.0328997768127799));
#1734=CARTESIAN_POINT('Origin',(-0.01,-0.396240249755622,0.0328997768127799));
#1735=CARTESIAN_POINT('',(-0.01,-0.198120124877811,0.0328997768127799));
#1736=CARTESIAN_POINT('',(-1.36592399683213E-18,-0.396240249755622,0.0328997768127799));
#1737=CARTESIAN_POINT('Origin',(-1.36592399683213E-18,-0.369047209791941,
-0.0323867159254182));
#1738=CARTESIAN_POINT('Ctrl Pts',(-0.124,-3.18408167778312E-17,-0.26));
#1739=CARTESIAN_POINT('Ctrl Pts',(-0.124,0.26,-0.26));
#1740=CARTESIAN_POINT('Ctrl Pts',(-0.124,0.26,-1.6633022585368E-17));
#1741=CARTESIAN_POINT('Ctrl Pts',(-0.124,0.26,0.26));
#1742=CARTESIAN_POINT('Ctrl Pts',(-0.124,1.4252283929049E-18,0.26));
#1743=CARTESIAN_POINT('Ctrl Pts',(-0.125739999999974,-3.16550436872366E-17,
-0.258483047596058));
#1744=CARTESIAN_POINT('Ctrl Pts',(-0.125739999999974,0.258483047596058,
-0.258483047596058));
#1745=CARTESIAN_POINT('Ctrl Pts',(-0.125739999999974,0.258483047596058,
-1.64472494947735E-17));
#1746=CARTESIAN_POINT('Ctrl Pts',(-0.125739999999974,0.258483047596058,
0.258483047596058));
#1747=CARTESIAN_POINT('Ctrl Pts',(-0.125739999999974,1.23945530231032E-18,
0.258483047596058));
#1748=CARTESIAN_POINT('Ctrl Pts',(-0.129219999999929,-3.12997209815234E-17,
-0.255581617518745));
#1749=CARTESIAN_POINT('Ctrl Pts',(-0.129219999999929,0.255581617518745,
-0.255581617518745));
#1750=CARTESIAN_POINT('Ctrl Pts',(-0.129219999999929,0.255581617518745,
-1.60919267890603E-17));
#1751=CARTESIAN_POINT('Ctrl Pts',(-0.129219999999929,0.255581617518745,
0.255581617518745));
#1752=CARTESIAN_POINT('Ctrl Pts',(-0.129219999999929,8.84132596597121E-19,
0.255581617518745));
#1753=CARTESIAN_POINT('Ctrl Pts',(-0.134439999999884,-3.08154058578243E-17,
-0.251626884414994));
#1754=CARTESIAN_POINT('Ctrl Pts',(-0.134439999999884,0.251626884414994,
-0.251626884414994));
#1755=CARTESIAN_POINT('Ctrl Pts',(-0.134439999999884,0.251626884414994,
-1.56076116653612E-17));
#1756=CARTESIAN_POINT('Ctrl Pts',(-0.134439999999884,0.251626884414994,
0.251626884414994));
#1757=CARTESIAN_POINT('Ctrl Pts',(-0.134439999999884,3.99817472898026E-19,
0.251626884414994));
#1758=CARTESIAN_POINT('Ctrl Pts',(-0.141399999999862,-3.02686045153208E-17,
-0.247161912613457));
#1759=CARTESIAN_POINT('Ctrl Pts',(-0.141399999999862,0.247161912613457,
-0.247161912613457));
#1760=CARTESIAN_POINT('Ctrl Pts',(-0.141399999999862,0.247161912613457,
-1.50608103228577E-17));
#1761=CARTESIAN_POINT('Ctrl Pts',(-0.141399999999862,0.247161912613457,
0.247161912613457));
#1762=CARTESIAN_POINT('Ctrl Pts',(-0.141399999999862,-1.46983869605458E-19,
0.247161912613457));
#1763=CARTESIAN_POINT('Ctrl Pts',(-0.150099999999885,-2.97612158504739E-17,
-0.2430187697481));
#1764=CARTESIAN_POINT('Ctrl Pts',(-0.150099999999885,0.2430187697481,-0.2430187697481));
#1765=CARTESIAN_POINT('Ctrl Pts',(-0.150099999999885,0.2430187697481,-1.45534216580107E-17));
#1766=CARTESIAN_POINT('Ctrl Pts',(-0.150099999999885,0.2430187697481,0.2430187697481));
#1767=CARTESIAN_POINT('Ctrl Pts',(-0.150099999999885,-6.54372534452393E-19,
0.2430187697481));
#1768=CARTESIAN_POINT('Ctrl Pts',(-0.158799999999938,-2.94456792512452E-17,
-0.240442217884752));
#1769=CARTESIAN_POINT('Ctrl Pts',(-0.158799999999938,0.240442217884752,
-0.240442217884752));
#1770=CARTESIAN_POINT('Ctrl Pts',(-0.158799999999938,0.240442217884752,
-1.42378850587821E-17));
#1771=CARTESIAN_POINT('Ctrl Pts',(-0.158799999999938,0.240442217884752,
0.240442217884752));
#1772=CARTESIAN_POINT('Ctrl Pts',(-0.158799999999938,-9.69909133681051E-19,
0.240442217884752));
#1773=CARTESIAN_POINT('Ctrl Pts',(-0.167500000000002,-2.93376513053561E-17,
-0.239560102764177));
#1774=CARTESIAN_POINT('Ctrl Pts',(-0.167500000000002,0.239560102764177,
-0.239560102764177));
#1775=CARTESIAN_POINT('Ctrl Pts',(-0.167500000000002,0.239560102764177,
-1.41298571128929E-17));
#1776=CARTESIAN_POINT('Ctrl Pts',(-0.167500000000002,0.239560102764177,
0.239560102764177));
#1777=CARTESIAN_POINT('Ctrl Pts',(-0.167500000000002,-1.0779370795702E-18,
0.239560102764177));
#1778=CARTESIAN_POINT('Ctrl Pts',(-0.176200000000059,-2.94456792512779E-17,
-0.240442217885019));
#1779=CARTESIAN_POINT('Ctrl Pts',(-0.176200000000059,0.240442217885019,
-0.240442217885019));
#1780=CARTESIAN_POINT('Ctrl Pts',(-0.176200000000059,0.240442217885019,
-1.42378850588147E-17));
#1781=CARTESIAN_POINT('Ctrl Pts',(-0.176200000000059,0.240442217885019,
0.240442217885019));
#1782=CARTESIAN_POINT('Ctrl Pts',(-0.176200000000059,-9.69909133648417E-19,
0.240442217885019));
#1783=CARTESIAN_POINT('Ctrl Pts',(-0.184900000000098,-2.97612158505309E-17,
-0.243018769748566));
#1784=CARTESIAN_POINT('Ctrl Pts',(-0.184900000000098,0.243018769748566,
-0.243018769748566));
#1785=CARTESIAN_POINT('Ctrl Pts',(-0.184900000000098,0.243018769748566,
-1.45534216580678E-17));
#1786=CARTESIAN_POINT('Ctrl Pts',(-0.184900000000098,0.243018769748566,
0.243018769748566));
#1787=CARTESIAN_POINT('Ctrl Pts',(-0.184900000000098,-6.54372534395364E-19,
0.243018769748566));
#1788=CARTESIAN_POINT('Ctrl Pts',(-0.193600000000108,-3.02686045153862E-17,
-0.247161912613991));
#1789=CARTESIAN_POINT('Ctrl Pts',(-0.193600000000108,0.247161912613991,
-0.247161912613991));
#1790=CARTESIAN_POINT('Ctrl Pts',(-0.193600000000108,0.247161912613991,
-1.50608103229231E-17));
#1791=CARTESIAN_POINT('Ctrl Pts',(-0.193600000000108,0.247161912613991,
0.247161912613991));
#1792=CARTESIAN_POINT('Ctrl Pts',(-0.193600000000108,-1.46983869540067E-19,
0.247161912613991));
#1793=CARTESIAN_POINT('Ctrl Pts',(-0.200560000000086,-3.08154058578778E-17,
-0.251626884415431));
#1794=CARTESIAN_POINT('Ctrl Pts',(-0.200560000000086,0.251626884415431,
-0.251626884415431));
#1795=CARTESIAN_POINT('Ctrl Pts',(-0.200560000000086,0.251626884415431,
-1.56076116654147E-17));
#1796=CARTESIAN_POINT('Ctrl Pts',(-0.200560000000086,0.251626884415431,
0.251626884415431));
#1797=CARTESIAN_POINT('Ctrl Pts',(-0.200560000000086,3.99817472951557E-19,
0.251626884415431));
#1798=CARTESIAN_POINT('Ctrl Pts',(-0.205780000000051,-3.12997209815553E-17,
-0.255581617519006));
#1799=CARTESIAN_POINT('Ctrl Pts',(-0.205780000000051,0.255581617519006,
-0.255581617519006));
#1800=CARTESIAN_POINT('Ctrl Pts',(-0.205780000000051,0.255581617519006,
-1.60919267890922E-17));
#1801=CARTESIAN_POINT('Ctrl Pts',(-0.205780000000051,0.255581617519006,
0.255581617519006));
#1802=CARTESIAN_POINT('Ctrl Pts',(-0.205780000000051,8.84132596629062E-19,
0.255581617519006));
#1803=CARTESIAN_POINT('Ctrl Pts',(-0.209260000000018,-3.16550436872482E-17,
-0.258483047596153));
#1804=CARTESIAN_POINT('Ctrl Pts',(-0.209260000000018,0.258483047596153,
-0.258483047596153));
#1805=CARTESIAN_POINT('Ctrl Pts',(-0.209260000000018,0.258483047596153,
-1.64472494947851E-17));
#1806=CARTESIAN_POINT('Ctrl Pts',(-0.209260000000018,0.258483047596153,
0.258483047596153));
#1807=CARTESIAN_POINT('Ctrl Pts',(-0.209260000000018,1.23945530232195E-18,
0.258483047596153));
#1808=CARTESIAN_POINT('Ctrl Pts',(-0.211,-3.18408167778312E-17,-0.26));
#1809=CARTESIAN_POINT('Ctrl Pts',(-0.211,0.26,-0.26));
#1810=CARTESIAN_POINT('Ctrl Pts',(-0.211,0.26,-1.6633022585368E-17));
#1811=CARTESIAN_POINT('Ctrl Pts',(-0.211,0.26,0.26));
#1812=CARTESIAN_POINT('Ctrl Pts',(-0.211,1.42522839290489E-18,0.26));
#1813=CARTESIAN_POINT('',(-0.124,-3.18408167778312E-17,-0.26));
#1814=CARTESIAN_POINT('Ctrl Pts',(-0.124,-3.18408167778312E-17,-0.26));
#1815=CARTESIAN_POINT('Ctrl Pts',(-0.125739999999974,-3.16550436872366E-17,
-0.258483047596058));
#1816=CARTESIAN_POINT('Ctrl Pts',(-0.129219999999929,-3.12997209815234E-17,
-0.255581617518745));
#1817=CARTESIAN_POINT('Ctrl Pts',(-0.134439999999884,-3.08154058578243E-17,
-0.251626884414994));
#1818=CARTESIAN_POINT('Ctrl Pts',(-0.141399999999862,-3.02686045153208E-17,
-0.247161912613457));
#1819=CARTESIAN_POINT('Ctrl Pts',(-0.150099999999885,-2.97612158504739E-17,
-0.2430187697481));
#1820=CARTESIAN_POINT('Ctrl Pts',(-0.158799999999938,-2.94456792512452E-17,
-0.240442217884752));
#1821=CARTESIAN_POINT('Ctrl Pts',(-0.167500000000002,-2.93376513053561E-17,
-0.239560102764177));
#1822=CARTESIAN_POINT('Ctrl Pts',(-0.176200000000059,-2.94456792512779E-17,
-0.240442217885019));
#1823=CARTESIAN_POINT('Ctrl Pts',(-0.184900000000098,-2.97612158505309E-17,
-0.243018769748566));
#1824=CARTESIAN_POINT('Ctrl Pts',(-0.193600000000108,-3.02686045153862E-17,
-0.247161912613991));
#1825=CARTESIAN_POINT('Ctrl Pts',(-0.200560000000086,-3.08154058578778E-17,
-0.251626884415431));
#1826=CARTESIAN_POINT('Ctrl Pts',(-0.205780000000051,-3.12997209815553E-17,
-0.255581617519006));
#1827=CARTESIAN_POINT('Ctrl Pts',(-0.209260000000018,-3.16550436872482E-17,
-0.258483047596153));
#1828=CARTESIAN_POINT('Ctrl Pts',(-0.211,-3.18408167778312E-17,-0.26));
#1829=CARTESIAN_POINT('',(-0.124,0.,0.26));
#1830=CARTESIAN_POINT('Ctrl Pts',(-0.211,0.,0.26));
#1831=CARTESIAN_POINT('Ctrl Pts',(-0.209260000000018,0.,0.258483047596153));
#1832=CARTESIAN_POINT('Ctrl Pts',(-0.205780000000051,0.,0.255581617519006));
#1833=CARTESIAN_POINT('Ctrl Pts',(-0.200560000000086,0.,0.251626884415431));
#1834=CARTESIAN_POINT('Ctrl Pts',(-0.193600000000108,0.,0.247161912613991));
#1835=CARTESIAN_POINT('Ctrl Pts',(-0.184900000000098,0.,0.243018769748566));
#1836=CARTESIAN_POINT('Ctrl Pts',(-0.176200000000059,0.,0.240442217885019));
#1837=CARTESIAN_POINT('Ctrl Pts',(-0.167500000000002,0.,0.239560102764177));
#1838=CARTESIAN_POINT('Ctrl Pts',(-0.158799999999938,0.,0.240442217884752));
#1839=CARTESIAN_POINT('Ctrl Pts',(-0.150099999999885,0.,0.2430187697481));
#1840=CARTESIAN_POINT('Ctrl Pts',(-0.141399999999862,0.,0.247161912613457));
#1841=CARTESIAN_POINT('Ctrl Pts',(-0.134439999999884,0.,0.251626884414994));
#1842=CARTESIAN_POINT('Ctrl Pts',(-0.129219999999929,0.,0.255581617518745));
#1843=CARTESIAN_POINT('Ctrl Pts',(-0.125739999999974,0.,0.258483047596058));
#1844=CARTESIAN_POINT('Ctrl Pts',(-0.124,0.,0.26));
#1845=CARTESIAN_POINT('',(-0.124,0.26,-3.18408167778312E-17));
#1846=CARTESIAN_POINT('Origin',(-0.124,-4.37095678986282E-17,-3.82854801361887E-18));
#1847=CARTESIAN_POINT('Origin',(-0.124,-4.37095678986282E-17,-3.82854801361887E-18));
#1848=CARTESIAN_POINT('Ctrl Pts',(-0.211,0.,0.26));
#1849=CARTESIAN_POINT('Ctrl Pts',(-0.211,-0.26,0.26));
#1850=CARTESIAN_POINT('Ctrl Pts',(-0.211,-0.26,0.));
#1851=CARTESIAN_POINT('Ctrl Pts',(-0.211,-0.26,-0.26));
#1852=CARTESIAN_POINT('Ctrl Pts',(-0.211,0.,-0.26));
#1853=CARTESIAN_POINT('Ctrl Pts',(-0.209260000000018,0.,0.258483047596153));
#1854=CARTESIAN_POINT('Ctrl Pts',(-0.209260000000018,-0.258483047596153,
0.258483047596153));
#1855=CARTESIAN_POINT('Ctrl Pts',(-0.209260000000018,-0.258483047596153,
0.));
#1856=CARTESIAN_POINT('Ctrl Pts',(-0.209260000000018,-0.258483047596153,
-0.258483047596153));
#1857=CARTESIAN_POINT('Ctrl Pts',(-0.209260000000018,0.,-0.258483047596153));
#1858=CARTESIAN_POINT('Ctrl Pts',(-0.205780000000051,0.,0.255581617519006));
#1859=CARTESIAN_POINT('Ctrl Pts',(-0.205780000000051,-0.255581617519006,
0.255581617519006));
#1860=CARTESIAN_POINT('Ctrl Pts',(-0.205780000000051,-0.255581617519006,
0.));
#1861=CARTESIAN_POINT('Ctrl Pts',(-0.205780000000051,-0.255581617519006,
-0.255581617519006));
#1862=CARTESIAN_POINT('Ctrl Pts',(-0.205780000000051,0.,-0.255581617519006));
#1863=CARTESIAN_POINT('Ctrl Pts',(-0.200560000000086,0.,0.251626884415431));
#1864=CARTESIAN_POINT('Ctrl Pts',(-0.200560000000086,-0.251626884415431,
0.251626884415431));
#1865=CARTESIAN_POINT('Ctrl Pts',(-0.200560000000086,-0.251626884415431,
0.));
#1866=CARTESIAN_POINT('Ctrl Pts',(-0.200560000000086,-0.251626884415431,
-0.251626884415431));
#1867=CARTESIAN_POINT('Ctrl Pts',(-0.200560000000086,0.,-0.251626884415431));
#1868=CARTESIAN_POINT('Ctrl Pts',(-0.193600000000108,0.,0.247161912613991));
#1869=CARTESIAN_POINT('Ctrl Pts',(-0.193600000000108,-0.247161912613991,
0.247161912613991));
#1870=CARTESIAN_POINT('Ctrl Pts',(-0.193600000000108,-0.247161912613991,
0.));
#1871=CARTESIAN_POINT('Ctrl Pts',(-0.193600000000108,-0.247161912613991,
-0.247161912613991));
#1872=CARTESIAN_POINT('Ctrl Pts',(-0.193600000000108,0.,-0.247161912613991));
#1873=CARTESIAN_POINT('Ctrl Pts',(-0.184900000000098,0.,0.243018769748566));
#1874=CARTESIAN_POINT('Ctrl Pts',(-0.184900000000098,-0.243018769748566,
0.243018769748566));
#1875=CARTESIAN_POINT('Ctrl Pts',(-0.184900000000098,-0.243018769748566,
0.));
#1876=CARTESIAN_POINT('Ctrl Pts',(-0.184900000000098,-0.243018769748566,
-0.243018769748566));
#1877=CARTESIAN_POINT('Ctrl Pts',(-0.184900000000098,0.,-0.243018769748566));
#1878=CARTESIAN_POINT('Ctrl Pts',(-0.176200000000059,0.,0.240442217885019));
#1879=CARTESIAN_POINT('Ctrl Pts',(-0.176200000000059,-0.240442217885019,
0.240442217885019));
#1880=CARTESIAN_POINT('Ctrl Pts',(-0.176200000000059,-0.240442217885019,
0.));
#1881=CARTESIAN_POINT('Ctrl Pts',(-0.176200000000059,-0.240442217885019,
-0.240442217885019));
#1882=CARTESIAN_POINT('Ctrl Pts',(-0.176200000000059,0.,-0.240442217885019));
#1883=CARTESIAN_POINT('Ctrl Pts',(-0.167500000000002,0.,0.239560102764177));
#1884=CARTESIAN_POINT('Ctrl Pts',(-0.167500000000002,-0.239560102764177,
0.239560102764177));
#1885=CARTESIAN_POINT('Ctrl Pts',(-0.167500000000002,-0.239560102764177,
0.));
#1886=CARTESIAN_POINT('Ctrl Pts',(-0.167500000000002,-0.239560102764177,
-0.239560102764177));
#1887=CARTESIAN_POINT('Ctrl Pts',(-0.167500000000002,0.,-0.239560102764177));
#1888=CARTESIAN_POINT('Ctrl Pts',(-0.158799999999938,0.,0.240442217884752));
#1889=CARTESIAN_POINT('Ctrl Pts',(-0.158799999999938,-0.240442217884752,
0.240442217884752));
#1890=CARTESIAN_POINT('Ctrl Pts',(-0.158799999999938,-0.240442217884752,
0.));
#1891=CARTESIAN_POINT('Ctrl Pts',(-0.158799999999938,-0.240442217884752,
-0.240442217884752));
#1892=CARTESIAN_POINT('Ctrl Pts',(-0.158799999999938,0.,-0.240442217884752));
#1893=CARTESIAN_POINT('Ctrl Pts',(-0.150099999999885,0.,0.2430187697481));
#1894=CARTESIAN_POINT('Ctrl Pts',(-0.150099999999885,-0.2430187697481,0.2430187697481));
#1895=CARTESIAN_POINT('Ctrl Pts',(-0.150099999999885,-0.2430187697481,0.));
#1896=CARTESIAN_POINT('Ctrl Pts',(-0.150099999999885,-0.2430187697481,-0.2430187697481));
#1897=CARTESIAN_POINT('Ctrl Pts',(-0.150099999999885,0.,-0.2430187697481));
#1898=CARTESIAN_POINT('Ctrl Pts',(-0.141399999999862,0.,0.247161912613457));
#1899=CARTESIAN_POINT('Ctrl Pts',(-0.141399999999862,-0.247161912613457,
0.247161912613457));
#1900=CARTESIAN_POINT('Ctrl Pts',(-0.141399999999862,-0.247161912613457,
0.));
#1901=CARTESIAN_POINT('Ctrl Pts',(-0.141399999999862,-0.247161912613457,
-0.247161912613457));
#1902=CARTESIAN_POINT('Ctrl Pts',(-0.141399999999862,0.,-0.247161912613457));
#1903=CARTESIAN_POINT('Ctrl Pts',(-0.134439999999884,0.,0.251626884414994));
#1904=CARTESIAN_POINT('Ctrl Pts',(-0.134439999999884,-0.251626884414994,
0.251626884414994));
#1905=CARTESIAN_POINT('Ctrl Pts',(-0.134439999999884,-0.251626884414994,
0.));
#1906=CARTESIAN_POINT('Ctrl Pts',(-0.134439999999884,-0.251626884414994,
-0.251626884414994));
#1907=CARTESIAN_POINT('Ctrl Pts',(-0.134439999999884,0.,-0.251626884414994));
#1908=CARTESIAN_POINT('Ctrl Pts',(-0.129219999999929,0.,0.255581617518745));
#1909=CARTESIAN_POINT('Ctrl Pts',(-0.129219999999929,-0.255581617518745,
0.255581617518745));
#1910=CARTESIAN_POINT('Ctrl Pts',(-0.129219999999929,-0.255581617518745,
0.));
#1911=CARTESIAN_POINT('Ctrl Pts',(-0.129219999999929,-0.255581617518745,
-0.255581617518745));
#1912=CARTESIAN_POINT('Ctrl Pts',(-0.129219999999929,0.,-0.255581617518745));
#1913=CARTESIAN_POINT('Ctrl Pts',(-0.125739999999974,0.,0.258483047596058));
#1914=CARTESIAN_POINT('Ctrl Pts',(-0.125739999999974,-0.258483047596058,
0.258483047596058));
#1915=CARTESIAN_POINT('Ctrl Pts',(-0.125739999999974,-0.258483047596058,
0.));
#1916=CARTESIAN_POINT('Ctrl Pts',(-0.125739999999974,-0.258483047596058,
-0.258483047596058));
#1917=CARTESIAN_POINT('Ctrl Pts',(-0.125739999999974,0.,-0.258483047596058));
#1918=CARTESIAN_POINT('Ctrl Pts',(-0.124,0.,0.26));
#1919=CARTESIAN_POINT('Ctrl Pts',(-0.124,-0.26,0.26));
#1920=CARTESIAN_POINT('Ctrl Pts',(-0.124,-0.26,0.));
#1921=CARTESIAN_POINT('Ctrl Pts',(-0.124,-0.26,-0.26));
#1922=CARTESIAN_POINT('Ctrl Pts',(-0.124,0.,-0.26));
#1923=CARTESIAN_POINT('Origin',(-0.124,0.,0.));
#1924=CARTESIAN_POINT('Origin',(-0.01,0.,0.));
#1925=CARTESIAN_POINT('',(-0.01,0.26,-3.18408167778312E-17));
#1926=CARTESIAN_POINT('',(-0.01,0.26,-3.18408167778312E-17));
#1927=CARTESIAN_POINT('Origin',(-0.01,0.,0.));
#1928=CARTESIAN_POINT('Origin',(-0.5,0.,0.));
#1929=CARTESIAN_POINT('',(-0.5,-2.54114210823076E-17,0.2075));
#1930=CARTESIAN_POINT('Origin',(-0.5,0.,0.));
#1931=CARTESIAN_POINT('',(-0.5,0.,-0.15));
#1932=CARTESIAN_POINT('Origin',(-0.5,0.,0.));
#1933=CARTESIAN_POINT('Origin',(-0.5,0.,0.));
#1934=CARTESIAN_POINT('',(-0.485690911978746,0.,-0.1605));
#1935=CARTESIAN_POINT('',(-0.485690911978746,1.9655581126315E-17,0.1605));
#1936=CARTESIAN_POINT('Origin',(-0.485690911978746,-2.21910086455248E-17,
2.18547839493141E-17));
#1937=CARTESIAN_POINT('Origin',(-0.485690911978746,-2.21910086455248E-17,
2.18547839493141E-17));
#1938=CARTESIAN_POINT('Origin',(-0.5,-2.02066721859313E-17,-0.165));
#1939=CARTESIAN_POINT('Origin',(-0.476151519964576,0.,0.));
#1940=CARTESIAN_POINT('',(-0.476151519964576,2.05128338857182E-17,0.1675));
#1941=CARTESIAN_POINT('Origin',(-0.476151519964576,1.92881870865708E-17,
0.1575));
#1942=CARTESIAN_POINT('',(-0.476151519964576,-0.1675,2.05128338857182E-17));
#1943=CARTESIAN_POINT('Origin',(-0.476151519964576,0.,0.));
#1944=CARTESIAN_POINT('Origin',(-0.476151519964576,0.,0.));
#1945=CARTESIAN_POINT('Origin',(-0.025,0.,0.));
#1946=CARTESIAN_POINT('',(-0.035,0.,-0.1675));
#1947=CARTESIAN_POINT('',(-0.035,-0.1675,2.05128338857182E-17));
#1948=CARTESIAN_POINT('Origin',(-0.035,-9.92422549690228E-18,-2.18547839493141E-17));
#1949=CARTESIAN_POINT('',(-0.025,-0.1675,2.05128338857182E-17));
#1950=CARTESIAN_POINT('Origin',(-0.035,-9.92422549690228E-18,-2.18547839493141E-17));
#1951=CARTESIAN_POINT('',(-0.184412468512295,0.,0.1675));
#1952=CARTESIAN_POINT('',(-0.284412466671776,0.,0.1675));
#1953=CARTESIAN_POINT('',(-0.025,0.,0.1675));
#1954=CARTESIAN_POINT('',(-0.184455331549262,-4.58642454202266E-5,0.16749999362567));
#1955=CARTESIAN_POINT('Ctrl Pts',(-0.184455331549262,-4.58642454202262E-5,
0.16749999362567));
#1956=CARTESIAN_POINT('Ctrl Pts',(-0.184441585640758,-3.11445072476667E-5,
0.167499997717244));
#1957=CARTESIAN_POINT('Ctrl Pts',(-0.184426226400378,-1.4708542575562E-5,
0.167499999999825));
#1958=CARTESIAN_POINT('Ctrl Pts',(-0.184412468512295,1.36592399683213E-18,
0.1675));
#1959=CARTESIAN_POINT('Ctrl Pts',(-0.184455331549262,-4.58642454202265E-5,
0.16749999362567));
#1960=CARTESIAN_POINT('Ctrl Pts',(-0.184441585640758,-3.11445072476672E-5,
0.167499997717244));
#1961=CARTESIAN_POINT('Ctrl Pts',(-0.184426226400378,-1.47085425755634E-5,
0.167499999999825));
#1962=CARTESIAN_POINT('Ctrl Pts',(-0.184412468512295,0.,0.1675));
#1963=CARTESIAN_POINT('Origin',(-0.475,0.,0.));
#1964=CARTESIAN_POINT('',(-0.475,0.2325,2.8473038080176E-17));
#1965=CARTESIAN_POINT('',(-0.475,-2.8473038080176E-17,0.2325));
#1966=CARTESIAN_POINT('Origin',(-0.475,0.,0.));
#1967=CARTESIAN_POINT('Origin',(-0.475,-2.54114210823076E-17,0.2075));
#1968=CARTESIAN_POINT('Origin',(-0.475,0.,0.));
#1969=CARTESIAN_POINT('Origin',(-0.5,0.,0.));
#1970=CARTESIAN_POINT('',(-0.464148230348503,0.2325,2.8473038080176E-17));
#1971=CARTESIAN_POINT('',(-0.5,0.2325,2.8473038080176E-17));
#1972=CARTESIAN_POINT('',(-0.464148230348503,0.,-0.2325));
#1973=CARTESIAN_POINT('Origin',(-0.464148230348503,0.,9.71275152375158E-19));
#1974=CARTESIAN_POINT('Origin',(-0.464148230348503,0.,9.71275152375158E-19));
#1975=CARTESIAN_POINT('Origin',(-0.464148230348503,0.,0.));
#1976=CARTESIAN_POINT('',(-0.44514987515654,0.,-0.24125));
#1977=CARTESIAN_POINT('',(-0.44514987515654,4.43169060441448E-17,0.24125));
#1978=CARTESIAN_POINT('Origin',(-0.44514987515654,0.,4.35492177748187E-19));
#1979=CARTESIAN_POINT('Origin',(-0.464148230348503,-3.15346550780443E-17,
-0.2575));
#1980=CARTESIAN_POINT('Origin',(-0.44514987515654,0.,4.35492177748187E-19));
#1981=CARTESIAN_POINT('Origin',(-0.5,0.,0.00250000000000001));
#1982=CARTESIAN_POINT('',(-0.025,0.,0.1675));
#1983=CARTESIAN_POINT('',(-0.284412466671776,-0.00500517271492165,0.167424068122557));
#1984=CARTESIAN_POINT('Origin',(-0.284412466671776,0.,0.00250000000000001));
#1985=CARTESIAN_POINT('',(-0.279475211008994,-0.00999960702672015,0.167196714846461));
#1986=CARTESIAN_POINT('Ctrl Pts',(-0.284412466671776,-0.00500517271492195,
0.167424068122557));
#1987=CARTESIAN_POINT('Ctrl Pts',(-0.284412466671776,-0.00565577865841409,
0.167404323308149));
#1988=CARTESIAN_POINT('Ctrl Pts',(-0.284285396582736,-0.00630002478460645,
0.16738078220515));
#1989=CARTESIAN_POINT('Ctrl Pts',(-0.283791360724395,-0.00750334718063564,
0.16733040493049));
#1990=CARTESIAN_POINT('Ctrl Pts',(-0.283429142467332,-0.00805089603480852,
0.167304119423999));
#1991=CARTESIAN_POINT('Ctrl Pts',(-0.28251491422299,-0.00897647666734788,
0.167256297766643));
#1992=CARTESIAN_POINT('Ctrl Pts',(-0.281971619664687,-0.00934562037666229,
0.167235316550454));
#1993=CARTESIAN_POINT('Ctrl Pts',(-0.280772334368323,-0.00985586145885164,
0.167205578141986));
#1994=CARTESIAN_POINT('Ctrl Pts',(-0.280127662204427,-0.00999143390890804,
0.167197211079591));
#1995=CARTESIAN_POINT('Ctrl Pts',(-0.279475211008994,-0.00999960702672015,
0.167196714846461));
#1996=CARTESIAN_POINT('',(-0.279412466671776,-0.01,0.167196690920006));
#1997=CARTESIAN_POINT('Ctrl Pts',(-0.279475211008994,-0.00999960702672015,
0.167196714846461));
#1998=CARTESIAN_POINT('Ctrl Pts',(-0.279466449130387,-0.00999971678491604,
0.167196708182461));
#1999=CARTESIAN_POINT('Ctrl Pts',(-0.279457685848897,-0.00999980356270872,
0.167196702847116));
#2000=CARTESIAN_POINT('Ctrl Pts',(-0.279436769887318,-0.00999995578296074,
0.16719669360478));
#2001=CARTESIAN_POINT('Ctrl Pts',(-0.279424618279546,-0.00999999999999892,
0.167196690919988));
#2002=CARTESIAN_POINT('Ctrl Pts',(-0.279412466671776,-0.01,0.167196690920006));
#2003=CARTESIAN_POINT('',(-0.193279813976941,-0.01,0.167196690920006));
#2004=CARTESIAN_POINT('',(-0.5,-0.01,0.167196690920006));
#2005=CARTESIAN_POINT('',(-0.192646524636771,-0.00966847352591842,0.167216485573503));
#2006=CARTESIAN_POINT('Ctrl Pts',(-0.193279813976941,-0.01,0.167196690920006));
#2007=CARTESIAN_POINT('Ctrl Pts',(-0.193278723755403,-0.01,0.167196690920006));
#2008=CARTESIAN_POINT('Ctrl Pts',(-0.19327763353106,-0.00999999706366498,
0.167196691098294));
#2009=CARTESIAN_POINT('Ctrl Pts',(-0.193217271840899,-0.00999967267159478,
0.167196710794608));
#2010=CARTESIAN_POINT('Ctrl Pts',(-0.193157946592081,-0.00999074719498659,
0.167197253222981));
#2011=CARTESIAN_POINT('Ctrl Pts',(-0.193042625043052,-0.00995907234619263,
0.167199171621378));
#2012=CARTESIAN_POINT('Ctrl Pts',(-0.192986578075752,-0.00993614298679443,
0.167200558218773));
#2013=CARTESIAN_POINT('Ctrl Pts',(-0.192830099572583,-0.00985208934782533,
0.167205614455513));
#2014=CARTESIAN_POINT('Ctrl Pts',(-0.192732003662369,-0.00977224245962194,
0.167210394579098));
#2015=CARTESIAN_POINT('Ctrl Pts',(-0.192646524636798,-0.00966847352557547,
0.167216485573501));
#2016=CARTESIAN_POINT('Ctrl Pts',(-0.192646524636955,-0.00966847352576605,
0.167216485573489));
#2017=CARTESIAN_POINT('Ctrl Pts',(-0.191362843535381,-0.00810998337703834,
0.167307957070177));
#2018=CARTESIAN_POINT('Ctrl Pts',(-0.19012105928229,-0.00658937064310525,
0.167375253051411));
#2019=CARTESIAN_POINT('Ctrl Pts',(-0.188862719604296,-0.00508380750502268,
0.167421662922892));
#2020=CARTESIAN_POINT('Ctrl Pts',(-0.18744081116398,-0.00338253957959181,
0.167474105509839));
#2021=CARTESIAN_POINT('Ctrl Pts',(-0.185970356242736,-0.00166822094936026,
0.167499542667069));
#2022=CARTESIAN_POINT('Ctrl Pts',(-0.184455331549262,-4.58642454202262E-5,
0.16749999362567));
#2023=CARTESIAN_POINT('Ctrl Pts',(-0.284412466671776,-0.00500307628093902,
0.167372057239138));
#2024=CARTESIAN_POINT('Ctrl Pts',(-0.284412466671776,-0.00495818865277217,
0.166093019993046));
#2025=CARTESIAN_POINT('Ctrl Pts',(-0.284412466671776,-0.00383213614156031,
0.163584616194633));
#2026=CARTESIAN_POINT('Ctrl Pts',(-0.284412466671776,-0.00128591679541927,
0.162546552484579));
#2027=CARTESIAN_POINT('Ctrl Pts',(-0.284412466671776,-6.09212928222735E-6,
0.162546552484579));
#2028=CARTESIAN_POINT('Ctrl Pts',(-0.284412466671776,-0.00649815236154383,
0.16731958775915));
#2029=CARTESIAN_POINT('Ctrl Pts',(-0.284412655994094,-0.00644447202555337,
0.165656177273921));
#2030=CARTESIAN_POINT('Ctrl Pts',(-0.28441266257618,-0.00499143762846894,
0.162388616867103));
#2031=CARTESIAN_POINT('Ctrl Pts',(-0.284412460091584,-0.0016751737176764,
0.161033099593792));
#2032=CARTESIAN_POINT('Ctrl Pts',(-0.284412466671776,-6.09212928222732E-6,
0.161032941489787));
#2033=CARTESIAN_POINT('Ctrl Pts',(-0.283158005031728,-0.00908798206292366,
0.167228698058317));
#2034=CARTESIAN_POINT('Ctrl Pts',(-0.28314977516741,-0.00901860795823092,
0.164905068222748));
#2035=CARTESIAN_POINT('Ctrl Pts',(-0.283133688616201,-0.0069920250579629,
0.160323484522405));
#2036=CARTESIAN_POINT('Ctrl Pts',(-0.283126742552288,-0.0023432054272105,
0.158412707733551));
#2037=CARTESIAN_POINT('Ctrl Pts',(-0.283126461640347,-6.09212928222728E-6,
0.15841229911805));
#2038=CARTESIAN_POINT('Ctrl Pts',(-0.280534464048058,-0.00999999999999997,
0.167196690920006));
#2039=CARTESIAN_POINT('Ctrl Pts',(-0.280513740022364,-0.00991566457229237,
0.16463784002325));
#2040=CARTESIAN_POINT('Ctrl Pts',(-0.280473213330058,-0.00767415429397461,
0.159611494028108));
#2041=CARTESIAN_POINT('Ctrl Pts',(-0.280455710671509,-0.00257220704386054,
0.157526586060251));
#2042=CARTESIAN_POINT('Ctrl Pts',(-0.280455009944803,-6.09212928222728E-6,
0.157526412916214));
#2043=CARTESIAN_POINT('Ctrl Pts',(-0.279412466671776,-0.00999999999999997,
0.167196690920006));
#2044=CARTESIAN_POINT('Ctrl Pts',(-0.27938834634407,-0.00991024069030898,
0.164639070814717));
#2045=CARTESIAN_POINT('Ctrl Pts',(-0.279341176252899,-0.0076581665113549,
0.159623144166449));
#2046=CARTESIAN_POINT('Ctrl Pts',(-0.279320807328901,-0.0025657409373751,
0.157547392632806));
#2047=CARTESIAN_POINT('Ctrl Pts',(-0.279319995855264,-6.09212928222728E-6,
0.157547407642899));
#2048=CARTESIAN_POINT('',(-0.284412466671776,1.5312476340343E-13,0.162546552484579));
#2049=CARTESIAN_POINT('',(-0.279319995855264,1.53124713381799E-13,0.157547407642899));
#2050=CARTESIAN_POINT('Ctrl Pts',(-0.284412466671776,0.,0.162546552484579));
#2051=CARTESIAN_POINT('Ctrl Pts',(-0.284412466671776,0.,0.161895478362267));
#2052=CARTESIAN_POINT('Ctrl Pts',(-0.284285297417953,0.,0.161250628863428));
#2053=CARTESIAN_POINT('Ctrl Pts',(-0.283790936354603,0.,0.160045972402017));
#2054=CARTESIAN_POINT('Ctrl Pts',(-0.28342847090629,0.,0.159497682611805));
#2055=CARTESIAN_POINT('Ctrl Pts',(-0.282513774362801,0.,0.158570903088778));
#2056=CARTESIAN_POINT('Ctrl Pts',(-0.281970288265128,0.,0.158201273873336));
#2057=CARTESIAN_POINT('Ctrl Pts',(-0.281048139119707,0.,0.15780863013068));
#2058=CARTESIAN_POINT('Ctrl Pts',(-0.280711425010583,0.,0.157705474110648));
#2059=CARTESIAN_POINT('Ctrl Pts',(-0.280021959753421,0.,0.157571429292946));
#2060=CARTESIAN_POINT('Ctrl Pts',(-0.279671123189074,0.,0.157540912725811));
#2061=CARTESIAN_POINT('Ctrl Pts',(-0.279319995855264,0.,0.157547407642899));
#2062=CARTESIAN_POINT('Ctrl Pts',(-0.279319995855264,-6.09212928222728E-6,
0.157547407642899));
#2063=CARTESIAN_POINT('Ctrl Pts',(-0.279320807328901,-0.0025657409373751,
0.157547392632806));
#2064=CARTESIAN_POINT('Ctrl Pts',(-0.279341176252899,-0.0076581665113549,
0.159623144166449));
#2065=CARTESIAN_POINT('Ctrl Pts',(-0.27938834634407,-0.00991024069030898,
0.164639070814717));
#2066=CARTESIAN_POINT('Ctrl Pts',(-0.279412466671776,-0.00999999999999997,
0.167196690920006));
#2067=CARTESIAN_POINT('',(-0.284412466671776,-0.00500307628093902,0.167372057239138));
#2068=CARTESIAN_POINT('Origin',(-0.279412466671776,-0.00500307628093902,
0.167372057239138));
#2069=CARTESIAN_POINT('Ctrl Pts',(-0.284412466671776,-0.00500307628093902,
0.167372057239138));
#2070=CARTESIAN_POINT('Ctrl Pts',(-0.284412466671776,-0.00495818865277217,
0.166093019993046));
#2071=CARTESIAN_POINT('Ctrl Pts',(-0.284412466671776,-0.00383213614156031,
0.163584616194633));
#2072=CARTESIAN_POINT('Ctrl Pts',(-0.284412466671776,-0.00128591679541927,
0.162546552484579));
#2073=CARTESIAN_POINT('Ctrl Pts',(-0.284412466671776,-6.09212928222735E-6,
0.162546552484579));
#2074=CARTESIAN_POINT('Ctrl Pts',(-0.279412466671776,-0.01,0.167196690920006));
#2075=CARTESIAN_POINT('Ctrl Pts',(-0.279412466671776,-0.01,0.167196690920006));
#2076=CARTESIAN_POINT('Ctrl Pts',(-0.279412466671776,-0.01,0.167196690920006));
#2077=CARTESIAN_POINT('Ctrl Pts',(-0.284412466671776,-0.01,0.167196690920006));
#2078=CARTESIAN_POINT('Ctrl Pts',(-0.284412466671776,-0.01,0.167196690920006));
#2079=CARTESIAN_POINT('Ctrl Pts',(-0.284412466671776,-0.01,0.167196690920006));
#2080=CARTESIAN_POINT('Ctrl Pts',(-0.284412466671776,-0.00500925640109187,
0.167500793419104));
#2081=CARTESIAN_POINT('Ctrl Pts',(-0.284412466671776,-0.00500533666760399,
0.167436465158494));
#2082=CARTESIAN_POINT('Ctrl Pts',(-0.284412466671776,-0.00500307628093902,
0.167372057239138));
#2083=CARTESIAN_POINT('Origin',(-0.284412466671776,-0.01,0.167196690920006));
#2084=CARTESIAN_POINT('Origin',(-0.284412466671776,0.,0.1675));
#2085=CARTESIAN_POINT('',(-0.284412466671776,0.,0.08375));
#2086=CARTESIAN_POINT('Ctrl Pts',(-0.193279658510026,-0.0100000180580979,
0.167196708355398));
#2087=CARTESIAN_POINT('Ctrl Pts',(-0.193279813976941,-0.01,0.167196690920006));
#2088=CARTESIAN_POINT('Ctrl Pts',(-0.194181385870424,-0.01,0.167196690920006));
#2089=CARTESIAN_POINT('Ctrl Pts',(-0.196020857318588,-0.01,0.167196690920006));
#2090=CARTESIAN_POINT('Ctrl Pts',(-0.199501252603694,-0.01,0.167196690920006));
#2091=CARTESIAN_POINT('Ctrl Pts',(-0.206532354617045,-0.01,0.167196690920006));
#2092=CARTESIAN_POINT('Ctrl Pts',(-0.214761498885864,-0.01,0.167196690920006));
#2093=CARTESIAN_POINT('Ctrl Pts',(-0.221977077750693,-0.01,0.167196690920006));
#2094=CARTESIAN_POINT('Ctrl Pts',(-0.226118720144728,-0.01,0.167196690920006));
#2095=CARTESIAN_POINT('Ctrl Pts',(-0.244782221252012,-0.01,0.167196690920006));
#2096=CARTESIAN_POINT('Ctrl Pts',(-0.262665330725532,-0.01,0.167196690920006));
#2097=CARTESIAN_POINT('Ctrl Pts',(-0.279504937488288,-0.01,0.167196690920006));
#2098=CARTESIAN_POINT('Ctrl Pts',(-0.193162281228646,-0.01,0.167196690920006));
#2099=CARTESIAN_POINT('Ctrl Pts',(-0.193162281228646,-0.00991244607721273,
0.167196690920006));
#2100=CARTESIAN_POINT('Ctrl Pts',(-0.194051644059918,-0.00979723642522968,
0.167175180551855));
#2101=CARTESIAN_POINT('Ctrl Pts',(-0.195867481743981,-0.0096478155288794,
0.167124272950698));
#2102=CARTESIAN_POINT('Ctrl Pts',(-0.199307195159728,-0.00945206259989095,
0.167011741733243));
#2103=CARTESIAN_POINT('Ctrl Pts',(-0.206278026948869,-0.00918621345646618,
0.166726018804889));
#2104=CARTESIAN_POINT('Ctrl Pts',(-0.214476903132589,-0.00906850032822833,
0.166335473097168));
#2105=CARTESIAN_POINT('Ctrl Pts',(-0.22168257504899,-0.00907470506008824,
0.166012457280652));
#2106=CARTESIAN_POINT('Ctrl Pts',(-0.225822611795859,-0.00910150180970896,
0.165836704807702));
#2107=CARTESIAN_POINT('Ctrl Pts',(-0.244488484910019,-0.0092928384015931,
0.165071624552948));
#2108=CARTESIAN_POINT('Ctrl Pts',(-0.262459589976379,-0.00983116440446505,
0.164696307429771));
#2109=CARTESIAN_POINT('Ctrl Pts',(-0.279457566831027,-0.00991067579114437,
0.16463886419266));
#2110=CARTESIAN_POINT('Ctrl Pts',(-0.192927215735104,-0.01,0.167200835534007));
#2111=CARTESIAN_POINT('Ctrl Pts',(-0.192927215735104,-0.00973712013298417,
0.167200835534007));
#2112=CARTESIAN_POINT('Ctrl Pts',(-0.193792158709778,-0.00939030715285289,
0.16714783568276));
#2113=CARTESIAN_POINT('Ctrl Pts',(-0.195560727062533,-0.00893509574289426,
0.167021955774474));
#2114=CARTESIAN_POINT('Ctrl Pts',(-0.198919070253384,-0.00832521402879964,
0.166741718331702));
#2115=CARTESIAN_POINT('Ctrl Pts',(-0.205769372275799,-0.00743573523609418,
0.166018969405139));
#2116=CARTESIAN_POINT('Ctrl Pts',(-0.213907815507846,-0.00687869274436914,
0.164987654692436));
#2117=CARTESIAN_POINT('Ctrl Pts',(-0.221093962631428,-0.006665464737066,
0.164089527772316));
#2118=CARTESIAN_POINT('Ctrl Pts',(-0.225230993823389,-0.00660520658511182,
0.163586930803755));
#2119=CARTESIAN_POINT('Ctrl Pts',(-0.243902727444401,-0.00651285021897159,
0.161366468065591));
#2120=CARTESIAN_POINT('Ctrl Pts',(-0.262050804682867,-0.0075251931983873,
0.159845152472964));
#2121=CARTESIAN_POINT('Ctrl Pts',(-0.279363167724916,-0.00766707105990885,
0.159613823392966));
#2122=CARTESIAN_POINT('Ctrl Pts',(-0.192692442457648,-0.01,0.16721326422146));
#2123=CARTESIAN_POINT('Ctrl Pts',(-0.192692442457648,-0.00956157597280971,
0.16721326422146));
#2124=CARTESIAN_POINT('Ctrl Pts',(-0.193533831116549,-0.00898181205572946,
0.167152063102102));
#2125=CARTESIAN_POINT('Ctrl Pts',(-0.195257805689165,-0.00821362087671156,
0.16700606790125));
#2126=CARTESIAN_POINT('Ctrl Pts',(-0.19854221417744,-0.00716567677191876,
0.166679170613163));
#2127=CARTESIAN_POINT('Ctrl Pts',(-0.205297628361961,-0.00555631987708166,
0.165822745409875));
#2128=CARTESIAN_POINT('Ctrl Pts',(-0.213420097388398,-0.00433391321261083,
0.164564413364392));
#2129=CARTESIAN_POINT('Ctrl Pts',(-0.220626340670124,-0.00363180546732887,
0.163440284223445));
#2130=CARTESIAN_POINT('Ctrl Pts',(-0.224781273966325,-0.00331397623337555,
0.162804047315478));
#2131=CARTESIAN_POINT('Ctrl Pts',(-0.243555010826267,-0.00213799065963183,
0.159972684592218));
#2132=CARTESIAN_POINT('Ctrl Pts',(-0.261866932517711,-0.00252450217699584,
0.157871719621783));
#2133=CARTESIAN_POINT('Ctrl Pts',(-0.279321648838789,-0.00256591587854603,
0.157547377067122));
#2134=CARTESIAN_POINT('Ctrl Pts',(-0.192575201834667,-0.01,0.167221545721616));
#2135=CARTESIAN_POINT('Ctrl Pts',(-0.192575201834667,-0.00947380389006625,
0.167221545721616));
#2136=CARTESIAN_POINT('Ctrl Pts',(-0.193405242112443,-0.00877757803886973,
0.167161994688519));
#2137=CARTESIAN_POINT('Ctrl Pts',(-0.195108244665708,-0.00785291483798833,
0.167019623503781));
#2138=CARTESIAN_POINT('Ctrl Pts',(-0.198359334007406,-0.00658601732769245,
0.166699672484001));
#2139=CARTESIAN_POINT('Ctrl Pts',(-0.205079696562303,-0.00461683786872616,
0.165854266604503));
#2140=CARTESIAN_POINT('Ctrl Pts',(-0.213214491885878,-0.00306192014034815,
0.164596104141337));
#2141=CARTESIAN_POINT('Ctrl Pts',(-0.220447400572965,-0.00211466039551999,
0.163468233314651));
#2142=CARTESIAN_POINT('Ctrl Pts',(-0.22461971517622,-0.00166741793318602,
0.16282957199929));
#2143=CARTESIAN_POINT('Ctrl Pts',(-0.243481524908106,5.43600998100098E-5,
0.159986518420307));
#2144=CARTESIAN_POINT('Ctrl Pts',(-0.261859431586787,-1.69698768311754E-5,
0.157870381408572));
#2145=CARTESIAN_POINT('Ctrl Pts',(-0.279319995855264,-6.09212928222725E-6,
0.157547407642899));
#2146=CARTESIAN_POINT('Ctrl Pts',(-0.279320189948372,-0.00023081478188497,
0.157550052932882));
#2147=CARTESIAN_POINT('Ctrl Pts',(-0.261860306483248,-0.000237107365204234,
0.157873024543583));
#2148=CARTESIAN_POINT('Ctrl Pts',(-0.243488234224106,-0.000138115684808457,
0.159987126893968));
#2149=CARTESIAN_POINT('Ctrl Pts',(-0.224634062746623,-0.00181198581022992,
0.162828401109787));
#2150=CARTESIAN_POINT('Ctrl Pts',(-0.220463252716264,-0.00224786787241171,
0.163466684466011));
#2151=CARTESIAN_POINT('Ctrl Pts',(-0.213232642836057,-0.00317360566492948,
0.164593946523538));
#2152=CARTESIAN_POINT('Ctrl Pts',(-0.205098877844746,-0.00469932840080128,
0.165851831994328));
#2153=CARTESIAN_POINT('Ctrl Pts',(-0.198375405901671,-0.00663691411940355,
0.16669800538673));
#2154=CARTESIAN_POINT('Ctrl Pts',(-0.195121381657753,-0.00788458648327591,
0.167018488514511));
#2155=CARTESIAN_POINT('Ctrl Pts',(-0.19351462222281,-0.00874310094647028,
0.167152935169769));
#2156=CARTESIAN_POINT('Ctrl Pts',(-0.192777033801019,-0.00932668791834333,
0.167206934722611));
#2157=CARTESIAN_POINT('Ctrl Pts',(-0.19264651939486,-0.00966847351851385,
0.167216410699336));
#2158=CARTESIAN_POINT('Origin',(-0.035,0.,0.));
#2159=CARTESIAN_POINT('',(-0.0250784325835078,0.,-0.17625));
#2160=CARTESIAN_POINT('',(-0.0250784325835078,1.78125846307119E-16,0.17625));
#2161=CARTESIAN_POINT('Origin',(-0.0250784325835078,0.,0.));
#2162=CARTESIAN_POINT('Origin',(-0.035,-2.17374806848655E-17,-0.1775));
#2163=CARTESIAN_POINT('Origin',(-0.0250784325835078,0.,0.));
#2164=CARTESIAN_POINT('Origin',(-0.0151568651670156,0.,0.));
#2165=CARTESIAN_POINT('',(-0.0151568651670156,1.86968973428749E-16,0.185));
#2166=CARTESIAN_POINT('Origin',(-0.0151568651670156,1.76862542432601E-16,
0.175));
#2167=CARTESIAN_POINT('',(-0.0151568651670156,-0.185,2.2655965784226E-17));
#2168=CARTESIAN_POINT('Origin',(-0.0151568651670156,2.67997279134506E-18,
-2.18547839493141E-17));
#2169=CARTESIAN_POINT('Origin',(-0.0151568651670156,2.67997279134506E-18,
-2.18547839493141E-17));
#2170=CARTESIAN_POINT('Ctrl Pts',(-0.284412466671776,0.01,0.1575));
#2171=CARTESIAN_POINT('Ctrl Pts',(-0.284412466671776,-0.01,0.1575));
#2172=CARTESIAN_POINT('Ctrl Pts',(-0.279384886472552,0.01,0.1575));
#2173=CARTESIAN_POINT('Ctrl Pts',(-0.279384886472552,-0.01,0.1575));
#2174=CARTESIAN_POINT('Ctrl Pts',(-0.2691901078882,0.01,0.157733866856926));
#2175=CARTESIAN_POINT('Ctrl Pts',(-0.2691901078882,-0.01,0.157733866856926));
#2176=CARTESIAN_POINT('Ctrl Pts',(-0.253657971368304,0.01,0.158786267713095));
#2177=CARTESIAN_POINT('Ctrl Pts',(-0.253657971368304,-0.01,0.158786267713095));
#2178=CARTESIAN_POINT('Ctrl Pts',(-0.233477755919709,0.01,0.161309757579859));
#2179=CARTESIAN_POINT('Ctrl Pts',(-0.233477755919709,-0.01,0.161309757579859));
#2180=CARTESIAN_POINT('Ctrl Pts',(-0.212027934970167,0.01,0.164838879823125));
#2181=CARTESIAN_POINT('Ctrl Pts',(-0.212027934970167,-0.01,0.164838879823125));
#2182=CARTESIAN_POINT('Ctrl Pts',(-0.19903624903951,0.01,0.166824753609412));
#2183=CARTESIAN_POINT('Ctrl Pts',(-0.19903624903951,-0.01,0.166824753609412));
#2184=CARTESIAN_POINT('Ctrl Pts',(-0.191580330207739,0.01,0.167398430907932));
#2185=CARTESIAN_POINT('Ctrl Pts',(-0.191580330207739,-0.01,0.167398430907932));
#2186=CARTESIAN_POINT('Ctrl Pts',(-0.186837779271206,0.01,0.167499743396321));
#2187=CARTESIAN_POINT('Ctrl Pts',(-0.186837779271206,-0.01,0.167499743396321));
#2188=CARTESIAN_POINT('Ctrl Pts',(-0.1844247472155,0.01,0.167499999999843));
#2189=CARTESIAN_POINT('Ctrl Pts',(-0.1844247472155,-0.01,0.167499999999843));
#2190=CARTESIAN_POINT('Ctrl Pts',(-0.184412468512295,0.01,0.1675));
#2191=CARTESIAN_POINT('Ctrl Pts',(-0.184412468512295,-0.01,0.1675));
#2192=CARTESIAN_POINT('Ctrl Pts',(-0.184412468512295,1.73472347597681E-18,
0.1675));
#2193=CARTESIAN_POINT('Ctrl Pts',(-0.18681518662662,1.73472347597681E-18,
0.167499999969362));
#2194=CARTESIAN_POINT('Ctrl Pts',(-0.189176437824992,1.73472347597681E-18,
0.167438506743373));
#2195=CARTESIAN_POINT('Ctrl Pts',(-0.191691358384002,1.73472347597681E-18,
0.167280537514324));
#2196=CARTESIAN_POINT('Ctrl Pts',(-0.193780786164759,1.73472347597681E-18,
0.167149294682619));
#2197=CARTESIAN_POINT('Ctrl Pts',(-0.195978038974566,1.73472347597681E-18,
0.166951311815317));
#2198=CARTESIAN_POINT('Ctrl Pts',(-0.198361372090413,1.73472347597681E-18,
0.166681343736838));
#2199=CARTESIAN_POINT('Ctrl Pts',(-0.200823796922875,1.73472347597681E-18,
0.166402416676244));
#2200=CARTESIAN_POINT('Ctrl Pts',(-0.203484668266033,1.73472347597681E-18,
0.166046810843463));
#2201=CARTESIAN_POINT('Ctrl Pts',(-0.206373237610623,1.73472347597681E-18,
0.165628076661852));
#2202=CARTESIAN_POINT('Ctrl Pts',(-0.209916773559885,1.73472347597681E-18,
0.165114396895602));
#2203=CARTESIAN_POINT('Ctrl Pts',(-0.213801906275045,1.73472347597681E-18,
0.164506206371743));
#2204=CARTESIAN_POINT('Ctrl Pts',(-0.218008181764914,1.73472347597681E-18,
0.163852045687374));
#2205=CARTESIAN_POINT('Ctrl Pts',(-0.222624887989649,1.73472347597681E-18,
0.163134054744846));
#2206=CARTESIAN_POINT('Ctrl Pts',(-0.227628445884613,1.73472347597681E-18,
0.162361253955935));
#2207=CARTESIAN_POINT('Ctrl Pts',(-0.232931591311858,1.73472347597681E-18,
0.16161130824262));
#2208=CARTESIAN_POINT('Ctrl Pts',(-0.239046862109414,1.73472347597681E-18,
0.160746515605249));
#2209=CARTESIAN_POINT('Ctrl Pts',(-0.245559639285758,1.73472347597681E-18,
0.15991381651947));
#2210=CARTESIAN_POINT('Ctrl Pts',(-0.252254128658675,1.73472347597681E-18,
0.159234455387791));
#2211=CARTESIAN_POINT('Ctrl Pts',(-0.258291069216408,1.73472347597681E-18,
0.158621822737156));
#2212=CARTESIAN_POINT('Ctrl Pts',(-0.264471233322403,1.73472347597681E-18,
0.158135531077142));
#2213=CARTESIAN_POINT('Ctrl Pts',(-0.270628545912535,1.73472347597681E-18,
0.157838976766617));
#2214=CARTESIAN_POINT('Ctrl Pts',(-0.273535475987273,1.73472347597681E-18,
0.157698970451941));
#2215=CARTESIAN_POINT('Ctrl Pts',(-0.276437582083594,1.73472347597681E-18,
0.157600724592784));
#2216=CARTESIAN_POINT('Ctrl Pts',(-0.279319995855264,1.73472347597681E-18,
0.157547407642899));
#2217=CARTESIAN_POINT('Origin',(0.,0.,0.));
#2218=CARTESIAN_POINT('',(-0.426151519964576,0.25,-3.06161699786838E-17));
#2219=CARTESIAN_POINT('',(-0.426151519964576,4.59242549680257E-17,0.25));
#2220=CARTESIAN_POINT('Origin',(-0.426151519964576,0.,0.));
#2221=CARTESIAN_POINT('',(0.,0.25,-3.06161699786838E-17));
#2222=CARTESIAN_POINT('Origin',(-0.426151519964576,0.,0.));
#2223=CARTESIAN_POINT('Origin',(-0.426151519964576,0.,0.));
#2224=CARTESIAN_POINT('Origin',(-0.426151519964576,4.13318294712232E-17,
0.225));
#2225=CARTESIAN_POINT('Origin',(-0.255,0.,0.));
#2226=CARTESIAN_POINT('Origin',(-0.01,0.,0.));
#2227=CARTESIAN_POINT('',(-0.01,-5.63337527607783E-17,-0.46));
#2228=CARTESIAN_POINT('Origin',(-0.01,0.,0.));
#2229=CARTESIAN_POINT('Origin',(0.03,0.,0.));
#2230=CARTESIAN_POINT('',(0.03,-6.12323399573677E-17,-0.5));
#2231=CARTESIAN_POINT('Origin',(0.03,-5.63337527607783E-17,-0.46));
#2232=CARTESIAN_POINT('',(0.03,-0.5,-6.12323399573677E-17));
#2233=CARTESIAN_POINT('Origin',(0.03,-3.06161699786838E-17,0.));
#2234=CARTESIAN_POINT('Origin',(0.03,-3.06161699786838E-17,0.));
#2235=CARTESIAN_POINT('Origin',(-0.01,0.,0.));
#2236=CARTESIAN_POINT('',(0.05,-6.12323399573677E-17,-0.5));
#2237=CARTESIAN_POINT('',(0.05,-0.5,-6.12323399573677E-17));
#2238=CARTESIAN_POINT('Origin',(0.05,-3.06161699786838E-17,0.));
#2239=CARTESIAN_POINT('Origin',(0.05,-3.06161699786838E-17,0.));
#2240=CARTESIAN_POINT('',(-0.01,-0.5,-6.12323399573677E-17));
#2241=CARTESIAN_POINT('Origin',(0.05,0.,0.));
#2242=CARTESIAN_POINT('',(0.09,-5.63337527607783E-17,-0.46));
#2243=CARTESIAN_POINT('Origin',(0.05,-5.63337527607783E-17,-0.46));
#2244=CARTESIAN_POINT('Origin',(0.09,1.87404106713035E-17,-8.74191357972564E-17));
#2245=CARTESIAN_POINT('Origin',(0.09,0.,0.));
#2246=CARTESIAN_POINT('',(0.09,-2.87791997799628E-17,-0.235));
#2247=CARTESIAN_POINT('Origin',(0.09,-3.59099937285667E-17,4.37095678986282E-17));
#2248=CARTESIAN_POINT('Origin',(0.04,0.,0.));
#2249=CARTESIAN_POINT('',(0.04,-2.2655965784226E-17,-0.185));
#2250=CARTESIAN_POINT('Origin',(0.04,-2.87791997799628E-17,-0.235));
#2251=CARTESIAN_POINT('',(0.04,-0.185,2.2655965784226E-17));
#2252=CARTESIAN_POINT('Origin',(0.04,2.67997279134506E-18,-2.18547839493141E-17));
#2253=CARTESIAN_POINT('Origin',(0.04,2.67997279134506E-18,-2.18547839493141E-17));
#2254=CARTESIAN_POINT('Origin',(0.1,0.,0.));
#2255=CARTESIAN_POINT('',(0.1,-0.185,2.2655965784226E-17));
#2256=UNCERTAINTY_MEASURE_WITH_UNIT(LENGTH_MEASURE(0.000393700787401575),
#2261,'DISTANCE_ACCURACY_VALUE',
'Maximum model space distance between geometric entities at asserted c
onnectivities');
#2257=UNCERTAINTY_MEASURE_WITH_UNIT(LENGTH_MEASURE(0.000393700787401575),
#2261,'DISTANCE_ACCURACY_VALUE',
'Maximum model space distance between geometric entities at asserted c
onnectivities');
#2258=(
GEOMETRIC_REPRESENTATION_CONTEXT(3)
GLOBAL_UNCERTAINTY_ASSIGNED_CONTEXT((#2256))
GLOBAL_UNIT_ASSIGNED_CONTEXT((#2261,#2265,#2266))
REPRESENTATION_CONTEXT('','3D')
);
#2259=(
GEOMETRIC_REPRESENTATION_CONTEXT(3)
GLOBAL_UNCERTAINTY_ASSIGNED_CONTEXT((#2257))
GLOBAL_UNIT_ASSIGNED_CONTEXT((#2261,#2265,#2266))
REPRESENTATION_CONTEXT('','3D')
);
#2260=DIMENSIONAL_EXPONENTS(1.,0.,0.,0.,0.,0.,0.);
#2261=(
CONVERSION_BASED_UNIT('inch',#2264)
LENGTH_UNIT()
NAMED_UNIT(#2260)
);
#2262=(
LENGTH_UNIT()
NAMED_UNIT(*)
SI_UNIT(.MILLI.,.METRE.)
);
#2263=(
LENGTH_UNIT()
NAMED_UNIT(*)
SI_UNIT($,.METRE.)
);
#2264=LENGTH_MEASURE_WITH_UNIT(LENGTH_MEASURE(25.4),#2262);
#2265=(
NAMED_UNIT(*)
PLANE_ANGLE_UNIT()
SI_UNIT($,.RADIAN.)
);
#2266=(
NAMED_UNIT(*)
SI_UNIT($,.STERADIAN.)
SOLID_ANGLE_UNIT()
);
#2267=SHAPE_DEFINITION_REPRESENTATION(#2268,#2269);
#2268=PRODUCT_DEFINITION_SHAPE('',$,#2271);
#2269=SHAPE_REPRESENTATION('',(#976),#2258);
#2270=PRODUCT_DEFINITION_CONTEXT('part definition',#2275,'design');
#2271=PRODUCT_DEFINITION('iMM-6 1/2" Calibrator Adaptor - good fit',
'iMM-6 1/2" Calibrator Adaptor - good fit v1',#2272,#2270);
#2272=PRODUCT_DEFINITION_FORMATION('',$,#2277);
#2273=PRODUCT_RELATED_PRODUCT_CATEGORY(
'iMM-6 1/2" Calibrator Adaptor - good fit v1',
'iMM-6 1/2" Calibrator Adaptor - good fit v1',(#2277));
#2274=APPLICATION_PROTOCOL_DEFINITION('international standard',
'automotive_design',2009,#2275);
#2275=APPLICATION_CONTEXT(
'Core Data for Automotive Mechanical Design Process');
#2276=PRODUCT_CONTEXT('part definition',#2275,'mechanical');
#2277=PRODUCT('iMM-6 1/2" Calibrator Adaptor - good fit',
'iMM-6 1/2" Calibrator Adaptor - good fit v1',$,(#2276));
#2278=PRESENTATION_STYLE_ASSIGNMENT((#2279));
#2279=SURFACE_STYLE_USAGE(.BOTH.,#2280);
#2280=SURFACE_SIDE_STYLE('',(#2281));
#2281=SURFACE_STYLE_FILL_AREA(#2282);
#2282=FILL_AREA_STYLE('Steel - Satin',(#2283));
#2283=FILL_AREA_STYLE_COLOUR('Steel - Satin',#2284);
#2284=COLOUR_RGB('Steel - Satin',0.627450980392157,0.627450980392157,0.627450980392157);
ENDSEC;
END-ISO-10303-21;
